,Interpolation RMSE,Interpolation MAE,Interpolation Spatial corr,Interpolation Std ratio,U-Net T+Elev RMSE,U-Net T+Elev MAE,U-Net T+Elev Spatial corr,U-Net T+Elev Std ratio,Transformer T+Elev RMSE,Transformer T+Elev MAE,Transformer T+Elev Spatial corr,Transformer T+Elev Std ratio
2022-06-01,1.9745157,1.57024,0.9596679867615004,0.93827593,1.8549869,1.4841204,0.9593389848740371,0.89602226,1.949048,1.5988036,0.958297517602654,0.8582318
2022-06-02,1.8157321,1.3929659,0.9462598816061175,1.1036403,1.1142427,0.8773645,0.9711360630032927,1.0573715,1.091479,0.85402465,0.9703867620404867,1.0128424
2022-06-03,1.6606474,1.3585299,0.9074565248361325,0.98283637,1.4361299,1.1050632,0.9129029853186463,0.9524293,1.3480846,1.0424984,0.9234821068499477,0.9022292
2022-06-04,1.5543002,1.1997184,0.9286658723575713,1.0353637,0.9711337,0.773734,0.9642283801860917,1.0013844,0.97008914,0.7711032,0.9638721389433934,0.94566596
2022-06-05,1.5992965,1.2661386,0.910485560074597,1.1972308,1.0908926,0.86349297,0.9519318837749835,1.2088647,0.94899404,0.7480031,0.9559726794063631,1.1270491
2022-06-06,1.7884599,1.4214302,0.8532195409938951,1.2106739,1.025932,0.84113735,0.9325405258875002,1.154138,0.98636085,0.8003746,0.9332430191980197,1.047856
2022-06-07,1.473802,1.1188744,0.8516157767390944,0.9077493,1.135515,0.9067867,0.9246758751123348,0.8622997,1.0794786,0.86010236,0.9361021219651495,0.82595587
2022-06-08,1.7048258,1.2972765,0.9326684533294097,1.0285497,0.9833773,0.78195226,0.9703518004181455,0.99634707,0.9663905,0.76730573,0.9719592055970958,0.94568646
2022-06-09,1.3863373,1.0323322,0.9604679785797183,0.94864833,1.100859,0.88526195,0.9802061122226099,0.9200855,1.1480805,0.90622556,0.9805630722132133,0.8871588
2022-06-10,1.2992784,0.9910077,0.9084269728969899,1.0331489,0.8841207,0.7005219,0.9545783842822194,1.0577908,0.8127731,0.6409201,0.9590222735646148,1.0142714
2022-06-11,1.5904827,1.2232602,0.7221928632279424,0.9774618,1.0880904,0.85849786,0.8398415719920403,0.9554502,1.0569534,0.8235226,0.8461109663360367,0.95573306
2022-06-12,1.5982398,1.2145306,0.7740443326754526,1.0183065,1.0117056,0.82301563,0.8937760861651524,0.97736704,1.0443804,0.81806797,0.8815261696705877,0.9022897
2022-06-13,1.7595154,1.3362811,0.9431820781703225,1.0936329,0.98156315,0.7691054,0.9759705480679141,1.0131074,1.0123242,0.8129245,0.9759350945888262,0.9687089
2022-06-14,1.6143192,1.2013531,0.8314611028375074,1.1329685,1.198167,0.90787065,0.9035513786437597,1.0979974,1.1055245,0.82155466,0.903288437540025,1.0015718
2022-06-15,1.6548232,1.2604517,0.8564222079751356,1.1496122,1.0637538,0.8336965,0.9221816256390761,1.0187218,1.0752048,0.8184833,0.9165858479520868,0.94809294
2022-06-16,1.6193908,1.275701,0.9210356443631804,0.97552073,1.3434589,1.0806487,0.9373265746885283,0.9049277,1.4872283,1.1879487,0.9296713116709915,0.8118943
2022-06-17,1.6379265,1.1971956,0.9292059778084961,1.0540249,1.0027492,0.7909469,0.971424969740683,0.9677129,1.0127721,0.8152763,0.9710982070360222,0.9376482
2022-06-18,2.4984274,1.89992,0.8917339818275004,0.8621299,2.66455,2.152625,0.927597242799906,0.84971714,2.721399,2.1841042,0.9251927373712459,0.8360938
2022-06-19,1.1554439,0.92344886,0.9745040599901761,1.0454955,1.1788238,0.93874216,0.9804971035155668,0.98532814,1.1188666,0.8845405,0.9819539573119811,0.972161
2022-06-20,1.4338787,1.1216466,0.9026928558507072,1.1045865,0.8756685,0.6964246,0.9530642027116497,1.0586126,0.8487533,0.6826681,0.9512919472628386,0.9939106
2022-06-21,1.953846,1.5347078,0.9260315358081045,1.189487,1.3077295,1.0891439,0.9508913191891948,1.0753422,1.3416538,1.1024112,0.9459833449373704,1.0220251
2022-06-22,1.9853475,1.5869497,0.939699798201124,0.9695399,1.725116,1.3890957,0.9577168425014508,0.8868437,1.8097969,1.4501113,0.9601973089971991,0.816539
2022-06-23,1.6431901,1.2490628,0.8584389082215326,1.0454298,1.2553161,0.98998255,0.890127474771668,1.0088527,1.1983507,0.95895034,0.8952703566440745,0.92598826
2022-06-24,1.750422,1.3598549,0.6893466337342369,1.3924702,1.1058666,0.8985719,0.8112574434437081,1.1857969,1.0190467,0.8164512,0.8243765969351654,1.0734644
2022-06-25,1.9876153,1.4564766,0.5312896009546675,1.5825673,1.2046623,0.99148643,0.7642160563415674,1.1962252,1.2002188,0.9641027,0.7685038946295488,1.147355
2022-06-26,1.9704638,1.4493532,0.6137573311558941,1.4858571,1.0248519,0.8451291,0.8427989580157672,1.0496541,0.9939789,0.79933393,0.8533121605126897,1.0423384
2022-06-27,1.4098324,1.0908087,0.8434860526275988,1.0868441,1.2397507,1.0011915,0.9177625419323024,1.0581189,1.1383004,0.94495815,0.9239917202912342,1.0009464
2022-06-28,1.3592094,1.0541362,0.8178031435543207,1.1377157,0.8760164,0.690693,0.9197488551555325,1.1555115,0.7860345,0.6161889,0.9279233584441331,1.1020795
2022-06-29,1.5738273,1.1710033,0.8018113991357543,1.14668,0.8654086,0.6879738,0.9390626896520333,1.0007915,0.81103307,0.65040684,0.9408716059796403,0.97950923
2022-06-30,1.5294496,1.1487781,0.9150925581668772,1.0899819,0.7722448,0.6185144,0.9742705058232378,1.0297905,0.71601486,0.55432236,0.9772136822256987,0.9627965
2022-07-01,1.653821,1.2413436,0.7980600735458585,1.2209535,0.9932786,0.79814607,0.9114867144646505,0.9782857,0.9468308,0.753755,0.9211341394870569,0.96455985
2022-07-02,1.4394954,1.1045134,0.8571004916867433,1.0323826,0.9626366,0.7724423,0.9481860430545755,0.94194806,0.9315957,0.74616915,0.95041087767497,0.9513551
2022-07-03,1.3730608,1.0528798,0.8876918429212551,1.0986667,0.81661457,0.6411822,0.957270150687167,1.0269688,0.7327546,0.5706968,0.962523122820316,0.9952677
2022-07-04,1.371415,1.0514406,0.897345917212567,1.038213,0.78379005,0.6214677,0.9641532783303418,0.9906052,0.8147675,0.65220016,0.9601742497438753,0.9245758
2022-07-05,1.7258012,1.306787,0.8669718580206496,0.8996191,1.5752838,1.1078731,0.9111334892045192,0.85362846,1.5239694,1.0658715,0.9134298947729583,0.8276041
2022-07-06,1.4389352,1.0877131,0.9425533062652055,1.0669913,0.8861853,0.7056862,0.9754232226162151,1.0173634,0.78575236,0.61351216,0.9797832610547353,0.9603487
2022-07-07,1.4487665,1.1028818,0.7984416550475149,1.0395669,1.1430118,0.86973476,0.8528489976862119,0.98929846,1.14357,0.85885024,0.8433821041849915,0.91885006
2022-07-08,1.46352,1.1356616,0.8501153470277975,1.149404,0.8263268,0.63292885,0.93455609581932,0.9951403,0.84124064,0.6406186,0.9326097094723023,0.9722141
2022-07-09,1.5189219,1.1776901,0.829252369022663,1.0084813,1.6196176,1.2192286,0.8231053584573899,0.91178143,1.5794854,1.1848142,0.813020905783152,0.8376216
2022-07-10,1.2777358,0.9495231,0.7428549683696647,1.0691395,0.9416288,0.71133816,0.8681895423138275,0.8729412,0.9132505,0.6971341,0.857687913805293,0.81455845
2022-07-11,1.4369986,1.1130393,0.7247412821744642,1.2756109,0.85594046,0.68374485,0.8862814606718236,0.9101712,0.82736397,0.6608469,0.8816945311741073,0.8736932
2022-07-12,1.6145666,1.2934226,0.8228389027445059,1.0898805,1.0372691,0.8316,0.9146043433224679,0.90028965,1.101593,0.88434505,0.9029587715483627,0.88196695
2022-07-13,1.6237664,1.2167366,0.8663267939094454,1.1169271,0.8923221,0.6841005,0.9479213603635676,0.99903405,0.969953,0.7370171,0.9429247456000924,0.973695
2022-07-14,1.810975,1.3325276,0.8758244837061818,1.0484638,1.3676165,0.9876216,0.9176392669330461,0.99861145,1.2037954,0.9074424,0.935429810787281,0.9346497
2022-07-15,1.4542744,1.1186966,0.8062195334506775,1.1583543,0.776411,0.6152995,0.9323275920374215,1.048872,0.749508,0.58780724,0.9338467912960972,1.0115666
2022-07-16,1.6024361,1.25264,0.6504362252562187,1.0056789,1.0525591,0.8270633,0.8152760767980469,0.9559515,1.0753398,0.8449559,0.808880531652193,0.9075682
2022-07-17,1.6348265,1.2077799,0.6747780970821661,1.2146813,0.9702376,0.7599731,0.8521717898848864,1.0025079,0.98409516,0.76928884,0.843627042995708,0.97520286
2022-07-18,1.5850022,1.2371978,0.8991153885205241,1.0512534,1.0151904,0.78263235,0.952118005214049,0.9416565,1.0817364,0.8425614,0.9452153018186393,0.92514694
2022-07-19,1.4260348,1.0091271,0.7680382262862026,0.94494027,0.9021401,0.71865773,0.912394347135382,0.88223,0.9097718,0.7223019,0.9087656391010617,0.8864337
2022-07-20,1.7603722,1.2948618,0.7412125596635102,1.2363492,1.2954373,1.077732,0.8934318694200386,1.0830259,1.2519726,1.0139055,0.8955821254586338,1.044395
2022-07-21,1.5719697,1.1986922,0.7876131428191047,1.0878296,1.1303463,0.9306008,0.8936152551593738,0.9351067,1.0548563,0.8526788,0.9064694008533397,0.94288826
2022-07-22,1.6265571,1.1830093,0.8079858099982339,1.0831281,1.1229715,0.92390937,0.9369720784707267,0.9746503,1.1716977,0.956048,0.9244391202708119,0.9591184
2022-07-23,1.6345879,1.1690882,0.7539038560886678,1.1057124,1.2176514,1.0134958,0.9175017446820124,0.969717,1.1851941,0.97407085,0.910577395647439,0.94560415
2022-07-24,1.5456874,1.1555648,0.8233249790817317,1.0764695,1.0695665,0.86355615,0.9248193182524092,0.9142584,1.0348662,0.82522374,0.925378797088305,0.91091734
2022-07-25,1.5113189,1.1677784,0.8831610581304615,1.0224574,1.308761,1.0455942,0.9190166569589726,0.932608,1.324243,1.0602173,0.9107951770292992,0.92680025
2022-07-26,1.38571,1.0990148,0.8149801817447733,1.1209022,0.9296038,0.76763195,0.9058644760526157,1.0886499,0.91416466,0.7467995,0.9033730627589242,1.0655762
2022-07-27,1.394866,1.0750734,0.822180480336077,0.9944949,0.8321006,0.6638863,0.9279476256948525,0.9279724,0.8265832,0.6708742,0.9286104335346214,0.92775095
2022-07-28,1.5424932,1.1648713,0.8234566788836017,1.1328923,0.8527937,0.67551136,0.9362571877139835,1.0076894,0.8550765,0.66746956,0.9381188826414184,1.0005394
2022-07-29,1.5567675,1.2068108,0.8532287156507157,0.97536737,0.95789456,0.76997626,0.9339884819904397,0.9061761,1.0514363,0.84403974,0.923412572791931,0.87826294
2022-07-30,1.2860913,0.9968893,0.9310539178726577,1.0590674,0.7911091,0.6333364,0.9692476196454667,0.99880254,0.79408276,0.6338858,0.968350087182712,0.9738759
2022-07-31,1.4346104,1.0701731,0.8012394783188311,0.94256365,0.9026339,0.687938,0.9302723477729196,0.8605414,0.9059356,0.6804181,0.9270099435403732,0.8423461
2022-08-01,1.362086,0.9958523,0.7547002661183532,0.90147007,1.0038031,0.7596315,0.8604629246102065,0.8377181,1.0215635,0.7887507,0.8574384232540989,0.784097
2022-08-02,1.4208913,1.0435722,0.8852467077690245,1.0961486,0.95281786,0.75943446,0.9357466598842042,0.9485409,0.9562865,0.771588,0.9385526412880189,0.9760856
2022-08-03,1.3833644,1.0203538,0.8560930703464104,1.1485242,0.79918987,0.623233,0.9423281598953144,1.0151215,0.7911276,0.61860144,0.942261838830827,0.97733104
2022-08-04,1.7253335,1.2657248,0.8189892524365288,1.0190413,1.3435887,1.1016208,0.8902163361573503,0.7996609,1.2660295,1.0333449,0.9018787652964633,0.83233917
2022-08-05,1.9112487,1.5040089,0.7363771883030971,1.2373503,1.1659693,0.9544501,0.8802630193974358,1.0148782,1.2116654,0.9948032,0.8832471900248526,1.0292829
2022-08-06,1.5390316,1.1439592,0.6115969532952351,1.1061211,1.0254787,0.83667153,0.8063460490326352,0.9220319,0.9905361,0.8021084,0.8158431278407834,0.91484076
2022-08-07,1.5173459,1.1710206,0.6681200209269076,1.2013924,1.0790241,0.8906723,0.8404709043602828,1.0638661,1.0858746,0.8864905,0.8316525945180642,1.0709829
2022-08-08,1.8706481,1.3259757,0.9296859376854852,0.84021384,1.9619906,1.3961183,0.9389901811798349,0.7395561,2.154564,1.52468,0.9268342451638968,0.70426726
2022-08-09,1.7165688,1.2969353,0.9576155536917761,0.9968564,1.6679755,1.2589124,0.9643783890140952,0.8902737,1.7235136,1.3484001,0.9627230909796277,0.86164
2022-08-10,1.3122461,1.0462028,0.948201457551096,1.0109533,1.0496761,0.8308529,0.9645416279212986,0.9726051,0.93539846,0.72555864,0.9726403474215956,0.9460114
2022-08-11,1.40316,1.1110095,0.8845708405963129,1.2022345,1.062009,0.84885174,0.9394279398911884,1.0723088,1.0278986,0.81812066,0.9357416440350638,1.0410357
2022-08-12,1.1992784,0.9224693,0.9300295356017577,1.040843,0.9373138,0.7595703,0.9641783207942354,1.0201752,0.8535221,0.66606474,0.9671863430490332,0.9743551
2022-08-13,1.1301914,0.8798513,0.8781775059082402,1.0712862,0.835651,0.6694994,0.9457751918285398,1.1053228,0.7796097,0.6178001,0.9446889393089741,1.0449939
2022-08-14,1.5553027,1.2123653,0.7547925996668731,1.0814898,0.9755708,0.75849366,0.8920884125799772,1.0066682,0.9159348,0.6962596,0.8980239646594819,0.94669646
2022-08-15,1.7355407,1.3410592,0.8582883789846465,0.7533559,1.6328948,1.1552829,0.9142715796065798,0.682545,1.6311164,1.1509514,0.9212939206337036,0.6533111
2022-08-16,1.539117,1.1835456,0.739236199719801,0.942042,1.1412109,0.78460073,0.8420290297148162,0.8622158,1.1559832,0.8070873,0.8349999634101716,0.8373591
2022-08-17,1.4369639,1.1393194,0.8560806896053919,0.8364488,1.0829673,0.84971976,0.9242972640057344,0.85873985,1.1481236,0.868282,0.9202256510954238,0.77328306
2022-08-18,1.3803896,1.063959,0.9438678292056925,1.0576682,0.93094844,0.7183074,0.9683313583651175,1.0396202,0.8976311,0.69479,0.9683852788997854,0.9616885
2022-08-19,1.4686545,1.0918208,0.8197798722689479,0.9813165,0.8640226,0.68804014,0.9373877002924539,0.8522093,0.9506166,0.7703481,0.9285522566298248,0.80785125
2022-08-20,1.6519991,1.2023239,0.6315434404760619,1.1625011,0.94258773,0.7492799,0.8619837558870529,0.9276077,0.93289477,0.74788463,0.8705881838820142,0.9130279
2022-08-21,1.745784,1.3169363,0.7364357638543794,1.0694138,1.1278855,0.9115632,0.8535319363302324,0.86530733,1.1551766,0.9353332,0.8540289941208964,0.8569589
2022-08-22,1.6878031,1.3432605,0.8291146169427986,1.0822179,1.0379449,0.8367618,0.9142611007338285,1.0589317,1.0852666,0.87354314,0.9018859282927191,1.0073392
2022-08-23,1.60858,1.2981011,0.8749902708724064,1.1372938,1.1080897,0.8930639,0.9316955135005931,1.0894485,1.0358527,0.827012,0.9335829982604045,1.0347145
2022-08-24,1.316368,1.0151149,0.8875953884092936,1.0670973,0.741713,0.59625715,0.9613955612633981,1.0454022,0.7613892,0.610275,0.9554071298892383,0.9800474
2022-08-25,1.548422,1.1958085,0.8920870346428855,1.0662344,0.91014093,0.7316488,0.9550622518380186,0.97293025,0.9809052,0.7859132,0.9506317836785273,0.9325182
2022-08-26,1.709544,1.382691,0.9126835715508425,0.9519203,1.2553338,0.9565008,0.9627336908408648,0.8863092,1.3633829,1.0054423,0.956129807314726,0.84162724
2022-08-27,1.4585173,1.1570656,0.9421657461544773,1.1029142,0.8854728,0.72313136,0.9740626777769829,1.061555,0.8116766,0.6449087,0.975855238805433,0.9983773
2022-08-28,1.3545094,1.0243028,0.879278978111594,1.1136304,0.7828945,0.61065227,0.9547639865227681,1.0381067,0.77724355,0.6031443,0.9512052261773145,0.9535184
2022-08-29,1.4307644,1.0901123,0.7766860802193031,1.1759319,0.88819563,0.7206668,0.9024982923127894,1.0398241,0.8652249,0.70243067,0.9010100217449377,0.9770013
2022-08-30,1.455461,1.0968928,0.8986102513594114,0.95724183,1.1506162,0.8911998,0.9467738826511363,0.8183631,1.1258868,0.8691615,0.9486676849123646,0.8328238
2022-08-31,1.223436,0.94682246,0.903205347144474,1.0192399,0.95254403,0.7738993,0.9657107324965886,1.0135275,0.89013404,0.7241223,0.9666826826680271,0.9734523
2023-06-01,2.1830108,1.4645022,0.7500522994642344,1.2468078,1.4159653,1.0804919,0.8674752524023324,0.75669456,1.4993637,1.1040052,0.8446492715893347,0.7774032
2023-06-02,2.2425222,1.6068087,0.8115170200619839,1.4755327,1.3075554,1.0220052,0.8954534789302935,1.0557268,1.3184543,1.0053304,0.8911382831091742,1.0566578
2023-06-03,2.0947032,1.5886694,0.963368569260247,0.9663887,2.4926262,1.8999023,0.9719211280210923,0.89227825,2.454516,1.8135368,0.9686352914371364,0.86248225
2023-06-04,1.1833911,0.9498862,0.9766476126579635,1.0457963,1.1621087,0.90401906,0.97962222935891,0.9620866,1.1022842,0.8732928,0.9792066931775746,0.9523532
2023-06-05,1.3288358,1.0560764,0.9574180980906293,1.1021925,0.9638802,0.79134274,0.9796956651889593,1.0432965,0.87121695,0.6919133,0.9799413864797246,1.0056872
2023-06-06,1.5176264,1.1944484,0.9478332907879907,1.0669109,1.1559242,0.8988609,0.9711712854462365,1.0173781,1.1913598,0.9363438,0.966297407968997,0.9852346
2023-06-07,1.41433,1.1292479,0.953498301297035,1.0452927,1.0739988,0.85881954,0.9730168969959659,1.0074893,1.025199,0.8321698,0.9745067259117393,0.99282694
2023-06-08,1.4731886,1.1700113,0.9298795455827161,1.0416498,1.1108857,0.88689977,0.9488403609792824,1.002257,0.9807997,0.7935938,0.959878967404453,1.0017722
2023-06-09,1.4627006,1.1675088,0.9237339294940506,1.1331546,1.0123545,0.81841487,0.9531117608863089,1.086082,0.92194515,0.7358097,0.9616685271228603,1.0860426
2023-06-10,1.6101911,1.2622409,0.9370704769359429,1.0795002,0.96666634,0.77137786,0.9705398387058392,1.0676538,0.91193545,0.72959214,0.9705937411853544,0.9997987
2023-06-11,1.9526572,1.4825267,0.8270196168886988,1.2288024,1.1486027,0.9286953,0.9161234888556388,1.1075771,1.1603715,0.94424844,0.9137096985915326,1.0710064
2023-06-12,1.9028268,1.4217372,0.7618967543566494,0.911664,1.351601,1.0331477,0.8979340751768071,0.8218738,1.3461524,1.0146593,0.8975211610144294,0.79192173
2023-06-13,1.5576731,1.1783997,0.8767804516447851,1.0611188,1.176614,0.94421226,0.9169173521987848,1.0182457,1.1059418,0.86041296,0.9238250518757192,0.98236364
2023-06-14,1.6882604,1.350078,0.9183262240085692,1.0150096,1.1612681,0.9378404,0.9489362091766064,0.97539836,1.1124862,0.8948591,0.9526344210066443,0.9563977
2023-06-15,1.7684256,1.4191016,0.8373678935399455,1.2467049,1.2851398,0.977215,0.9011825166419594,1.246336,1.1109126,0.8615443,0.9142191188330937,1.1596274
2023-06-16,2.001876,1.5848231,0.8538110691044984,0.96866095,1.5816859,1.3128403,0.8962950392092869,0.9501897,1.5440028,1.2538053,0.8995528597029522,0.9045067
2023-06-17,1.1972692,0.9252104,0.9650377845119125,1.0368901,1.085551,0.87720084,0.9825101412669889,1.018236,1.0575553,0.8558865,0.9813266575906825,0.97489023
2023-06-18,1.4851166,1.183739,0.9624845716215638,1.0397218,1.0810232,0.8125855,0.9776335178396305,1.0090371,1.0042375,0.75087655,0.9797333545444945,0.96226287
2023-06-19,1.66776,1.335145,0.9478089290208411,1.1482195,1.0043814,0.7974922,0.9757362555356002,1.1011008,0.88676375,0.6916827,0.9769928965052399,1.0282683
2023-06-20,1.3971086,1.0846525,0.8918067624516441,1.1461782,1.0602353,0.8472339,0.9180497005342273,1.0884964,0.9583277,0.7724656,0.922005638715824,0.9854976
2023-06-21,2.000793,1.5467361,0.7303475240729261,0.7542473,1.8758521,1.3819016,0.7958674976523513,0.680345,1.9719949,1.452869,0.7762439200958773,0.6213608
2023-06-22,1.5774951,1.1194799,0.9131819225864891,0.9252718,1.2437959,0.99229205,0.9479234553549581,0.84446,1.336361,1.0827947,0.943132587700924,0.81218016
2023-06-23,1.7991177,1.3633204,0.8496971764269846,0.91502225,1.2613935,1.0388741,0.91466051312847,0.8240125,1.2798421,1.0349046,0.9215938385257167,0.764604
2023-06-24,1.5569729,1.1662667,0.8132463265961603,1.0564319,0.9349697,0.73016155,0.9103348212443536,0.98658687,0.90990496,0.71102613,0.9137267991666995,0.93268466
2023-06-25,1.8727201,1.403488,0.6967477969413053,1.25981,1.0898358,0.8719131,0.8654357136451344,1.1191115,1.1352658,0.9084194,0.8653891091249428,1.0854825
2023-06-26,1.8335959,1.4746333,0.9029543373255994,0.99652505,1.4298275,1.1563396,0.9345280421022424,0.96617824,1.508647,1.2269435,0.9264570046900006,0.91062987
2023-06-27,1.5955527,1.2722765,0.8760880807443303,1.074707,1.1129851,0.88437647,0.9204128745661108,1.0889493,0.96217394,0.77955794,0.9335365738663648,1.0128407
2023-06-28,1.4242883,1.1408525,0.8933170222405549,0.9952213,1.0709945,0.8564911,0.9346754635280241,0.98703885,1.0830895,0.8350011,0.9313165559338527,0.93582237
2023-06-29,1.436424,1.1397088,0.8535293221713932,1.0589056,0.985602,0.7945137,0.9201627335619161,1.0566995,0.8960809,0.7214397,0.9276546642970255,0.9897487
2023-06-30,1.792698,1.4015733,0.6565831778309577,1.3992982,1.1858823,0.964443,0.8104115099933288,1.2618359,1.0711502,0.84485644,0.81972237461536,1.1532925
2023-07-01,1.6969243,1.2998163,0.7482118430258361,1.2859873,1.0960141,0.8790588,0.8667521153675256,1.1642932,1.0297657,0.816631,0.8586829337870043,1.0413609
2023-07-02,1.4200376,1.0761425,0.9482623126061334,0.963615,1.1511945,0.921619,0.9685032291202793,0.92748797,1.1611284,0.9224297,0.9698094875852793,0.88145137
2023-07-03,1.6473266,1.2731131,0.8936994527364778,1.0867851,1.032663,0.82354873,0.9457802997044489,1.015497,1.0822307,0.87876815,0.9390856282453186,0.98313713
2023-07-04,1.8003498,1.4274118,0.838858546920488,1.1071509,1.2091866,0.98948777,0.9171064501544018,1.0675524,1.2244731,0.9920102,0.9112151196513358,1.0004818
2023-07-05,1.9129204,1.4927946,0.6334786481550144,1.2781938,1.5419928,1.2726995,0.7957887998393611,1.1889887,1.5025513,1.2444572,0.8088496834972035,1.1403998
2023-07-06,1.7826536,1.310733,0.5352774899185351,1.3125073,1.4517034,1.2417766,0.7262133584207455,1.0671419,1.37224,1.1563294,0.737626942255403,1.052647
2023-07-07,1.7206689,1.342486,0.7977689343561922,1.070883,1.4222797,1.1324923,0.8170410490693419,0.92074674,1.406495,1.1142461,0.8330800798672799,0.9017394
2023-07-08,1.6398258,1.2571138,0.7840186052747861,1.1877857,1.1495928,0.9172297,0.8551894517386636,1.0446976,1.0778606,0.8689896,0.8772699905201133,1.002641
2023-07-09,1.7478106,1.3610353,0.7294213673547832,0.92750984,1.2741339,0.9652457,0.8362874964417933,0.893245,1.2601457,0.9491416,0.8374318598672783,0.8574573
2023-07-10,1.3497233,1.0628555,0.9403614802816684,1.0918685,1.146887,0.9269069,0.9495417463626233,1.0788503,1.1025724,0.88738465,0.9477406128517937,1.0170573
2023-07-11,1.3451508,1.0061735,0.8304943526689218,1.100388,0.79158616,0.60500735,0.9371091932526067,1.039281,0.7921263,0.6161388,0.9330715935043993,1.0008397
2023-07-12,1.6850293,1.2718614,0.8640049513653549,1.1624755,1.0077492,0.7988237,0.936388381821307,1.0371636,1.0282192,0.8266696,0.9397398456954976,1.0332721
2023-07-13,1.8027142,1.3848225,0.8377959746600394,1.2612842,1.1223863,0.9015199,0.9220581224062107,1.112839,1.0815059,0.8596272,0.9294169065408534,1.1050928
2023-07-14,1.741366,1.3848301,0.8260695779845102,1.2547807,1.1177095,0.9019182,0.9036043072885551,1.1508695,1.0509877,0.86061364,0.9135519441812687,1.1058714
2023-07-15,1.6101091,1.2885867,0.8185433364189412,1.1327293,1.0569763,0.8753175,0.9084913118341774,1.0411217,1.041313,0.87361175,0.9103066751034354,0.9850003
2023-07-16,1.4719269,1.1731966,0.8678060264234572,1.1364893,1.1421688,0.9151671,0.9016967411633565,1.1152533,1.1239154,0.8974853,0.8903959788419924,1.0187448
2023-07-17,1.3696986,1.0012119,0.7913530908381297,1.0486541,0.80330104,0.63347644,0.9205802989015216,1.0182498,0.79535174,0.6274591,0.9241315116384377,0.9916513
2023-07-18,1.6529658,1.3489307,0.8454864211201392,1.2141525,1.0779326,0.8586458,0.9128997394409452,1.1396713,1.0277056,0.8280595,0.9243234377943546,1.1349231
2023-07-19,1.4661124,1.1377254,0.7632021722806083,1.0665458,1.0128155,0.79197055,0.8580428666407759,1.0084193,0.99998033,0.78573763,0.8618469411832105,0.9836506
2023-07-20,1.6695943,1.3342056,0.7840719678595335,1.2446946,1.0241064,0.7915785,0.9048482224904049,1.1810637,0.97223186,0.77146894,0.9124046752232612,1.1004127
2023-07-21,1.6245519,1.3157259,0.8806884435183099,1.1408201,1.087555,0.8726936,0.9357607399338612,1.0995584,1.0146121,0.80157644,0.9401825083732686,1.0594804
2023-07-22,1.5651584,1.2452837,0.8048940517996866,1.2105312,1.108348,0.87292945,0.8872447552704383,1.2232463,1.0406048,0.82938087,0.893447488558766,1.1693971
2023-07-23,1.6961097,1.3803118,0.7525374020886705,1.1597084,0.9937208,0.79176736,0.909231140133943,1.127322,1.0219231,0.8198198,0.9111455078139484,1.0936179
2023-07-24,1.6369874,1.2942165,0.6238770659286381,1.2005993,1.0685544,0.86642087,0.799029599411461,1.109895,1.0789515,0.87780535,0.7932178391816268,1.0638047
2023-07-25,1.6676873,1.3461,0.8249467854842849,1.0664067,1.0459721,0.84935355,0.9079402309291321,1.011304,1.0494088,0.8636012,0.9110940453407045,0.957091
2023-07-26,1.5935249,1.2306949,0.7447777268798551,1.430297,0.9465651,0.7248252,0.9089052346861106,1.3027068,0.83815145,0.6477737,0.912947867362875,1.2136043
2023-07-27,1.6654872,1.3015494,0.9399139645315457,1.2013079,1.0852185,0.83981603,0.9672510620265433,1.0978411,1.0634415,0.8385699,0.9650734856837727,1.0631205
2023-07-28,1.7557241,1.3803948,0.8432698116279379,1.2621269,1.2390305,1.0135251,0.9323934289490767,1.1619977,1.1226138,0.90367544,0.9380944137494384,1.1028163
2023-07-29,1.8316581,1.4487257,0.9302279277129263,1.0988381,1.3742934,1.063065,0.9505786241322373,0.9995099,1.3542321,1.0560092,0.9519470636552683,0.9581312
2023-07-30,1.1864672,0.93334484,0.935347138313537,1.2017657,0.907783,0.69163525,0.9636181080213007,1.2046508,0.8990001,0.672267,0.9552123133995116,1.1537309
2023-07-31,1.4631033,1.1849179,0.9201346490472389,1.1284112,0.95267826,0.76472056,0.9637884200202269,1.1227137,0.773436,0.62087256,0.9720896591190504,1.0634705
2023-08-01,1.3441274,1.0701846,0.9097535625620636,1.1628114,1.169423,0.9444993,0.9461608462035488,1.1999811,0.9494839,0.757682,0.9589271769257725,1.1250378
2023-08-02,1.3451512,1.0600374,0.8550507338660804,1.1757926,1.0796268,0.8898988,0.9308352828520221,1.2271191,0.8462897,0.6784743,0.9436811405622402,1.1079384
2023-08-03,1.2504095,0.95379645,0.8421367718664423,1.0064007,1.1024811,0.87215686,0.905961541607944,0.97910637,1.0064856,0.7923476,0.9185730938162361,0.8759587
2023-08-04,1.529469,1.246006,0.8994016517347871,0.99213237,1.3130751,1.1084508,0.9264770306851476,0.9776911,1.3933656,1.1599265,0.9120534883160987,0.8788443
2023-08-05,1.3731956,1.0695202,0.8978469954033287,1.1376946,0.8638454,0.71625084,0.9584834909242431,1.0808758,0.7910477,0.63575643,0.9579960792886597,1.0144867
2023-08-06,1.6996905,1.2731639,0.8432646743047224,1.3013159,1.0962838,0.8639733,0.9368084729483663,1.1885096,0.9066168,0.7143619,0.946119107289706,1.1010754
2023-08-07,1.3120776,1.0100609,0.9434619642070357,1.0773376,1.0287201,0.82843995,0.9647982447300922,1.0443019,0.95490766,0.74739367,0.9665050825662929,0.98241746
2023-08-08,1.2945565,0.99078256,0.9393381965924568,1.0007519,1.3559614,1.0646611,0.9615272423042839,0.9892149,1.4336879,1.128224,0.9497124066914249,0.9243
2023-08-09,1.1566443,0.87567705,0.929715474158986,1.0665325,0.8077672,0.6409725,0.9721440355017731,1.0790007,0.7510319,0.59088784,0.9700186189996889,0.9829417
2023-08-10,1.6466461,1.2862576,0.6877371818749745,0.87638396,1.3431374,1.11358,0.8166354370663381,0.89554656,1.3154925,1.0701038,0.8126309540295509,0.86690235
2023-08-11,1.2739837,0.97595406,0.9290140321703106,1.0604684,0.9100729,0.72557044,0.9654700271885387,1.0544198,0.7874632,0.6140693,0.9713590411639207,1.0025615
2023-08-12,1.521191,1.1861115,0.9106094708742687,1.1262246,0.86929804,0.7020627,0.9639588656689202,1.0628912,0.7800894,0.6191287,0.9680784433616553,0.99042755
2023-08-13,1.5007994,1.1499279,0.9264020011126677,1.0788552,0.93222874,0.73949367,0.9652522557537602,1.025919,0.8879799,0.6956564,0.9671388259413847,0.96918386
2023-08-14,1.3404053,1.0071046,0.9224526654994404,1.004263,0.9039737,0.71292865,0.9646029527351931,0.98597103,0.8292533,0.6450177,0.9697972151371542,0.94894075
2023-08-15,1.6128482,1.3051125,0.9298011097946646,0.90377873,1.3987875,1.1548737,0.953449797602583,0.87279797,1.5710268,1.2796565,0.9437865791928711,0.82193977
2023-08-16,1.3886876,1.1273081,0.9095044375575374,1.0550596,0.9646839,0.76242954,0.948907930707916,1.0465968,0.90115273,0.6833421,0.951147929550904,0.97940034
2023-08-17,1.2070048,0.9223612,0.9474137290028979,1.0807651,0.8941844,0.72252244,0.9741448590815692,1.0414056,0.8251512,0.64494395,0.9761480052629247,0.9572617
2023-08-18,1.2064116,0.92402446,0.9427215683825835,1.0143838,0.97017473,0.79796183,0.9678681802330481,1.0020839,1.0485709,0.8639696,0.9618922106802301,0.9557437
2023-08-19,1.3201768,1.0618464,0.9443504250182017,1.1519119,1.1282215,0.9321116,0.9592873578539521,1.1670114,0.9470036,0.7690843,0.965177994280116,1.0995373
2023-08-20,1.4845053,1.2015557,0.886967368895166,1.2090616,0.9266168,0.73861116,0.948984110180785,1.1305785,0.86358017,0.68225104,0.946683601818112,1.0585904
2023-08-21,1.6124419,1.2852628,0.929925457290083,1.1381303,1.047805,0.84254843,0.963921538568942,1.0451164,1.0283273,0.81246406,0.9631305997460846,1.0171679
2023-08-22,1.262292,1.0029819,0.9085544201399391,1.1463817,1.067947,0.875784,0.9469382224237101,1.1552789,0.91294384,0.74136704,0.9522577269968445,1.0731431
2023-08-23,1.2877495,1.0070552,0.8788778168117188,0.9889523,1.0655744,0.792515,0.9176530884207643,0.98354775,0.9443835,0.709133,0.9349040308907347,0.92979383
2023-08-24,1.7477658,1.329976,0.8907941600418581,1.1411808,1.3226211,1.0092555,0.9380351798835812,1.0969917,1.2539617,1.0080069,0.9345270232222723,0.99878836
2023-08-25,1.2177997,0.93392706,0.9755367277235658,1.0156275,1.1039591,0.8857479,0.9850811271433265,0.9739459,1.1430335,0.91876465,0.9845531708286996,0.9259904
2023-08-26,1.4871725,1.1565025,0.9210051812718052,1.0712695,0.9274988,0.75616014,0.9729561464164742,1.0155414,0.8409422,0.6693286,0.9764487079313603,0.96372
2023-08-27,1.3393563,1.0653046,0.9233445307976215,1.0090394,0.9440479,0.76067674,0.9589839140905458,1.01172,0.88699275,0.7122395,0.9622352290112194,0.95934707
2023-08-28,1.4673184,1.1821337,0.706964523235257,1.0663177,1.2604077,1.0444317,0.779832363159312,1.0494618,1.0657395,0.87266535,0.8213398599951062,0.96414554
2023-08-29,1.3594017,1.091377,0.7459888154450599,1.0633262,1.0003618,0.8057353,0.8926732851746273,1.0808085,0.89796174,0.7267745,0.8949604137380729,1.0000651
2023-08-30,1.3083868,1.0567074,0.9447246994596366,1.1114185,0.9933582,0.7884269,0.971307094933432,1.1031183,0.9395401,0.7290926,0.9701433985484643,1.0390508
2023-08-31,1.0333544,0.80838764,0.9498690013750165,1.1371356,1.1375074,0.86807364,0.9649888056330389,1.1827501,0.97632706,0.73752296,0.9692854197211686,1.0959433
2024-06-01,1.6072981,1.2598357,0.8263024677587192,1.145692,0.8025479,0.63723654,0.9350351448391208,1.0736485,0.7962212,0.63968873,0.9407118108799322,0.9661902
2024-06-02,1.8279332,1.3780674,0.8353952014280487,1.0451401,0.98954064,0.7992248,0.9399350546215806,0.95552784,1.0144448,0.81163114,0.9408456718808785,0.8961905
2024-06-03,1.8089671,1.4234452,0.7816055260147619,1.1478931,1.004998,0.80277914,0.8983575091495457,0.93760765,1.0811652,0.88698137,0.894300823174064,0.8984307
2024-06-04,1.7476889,1.3792088,0.8568391600079113,1.1838349,1.0615333,0.8605115,0.9152032707461494,0.95266086,1.1013387,0.89962196,0.9210846779131809,0.8947712
2024-06-05,1.6840668,1.2279004,0.7033349620869054,0.9997474,1.1943498,0.9226536,0.8177751510047874,0.7952841,1.19393,0.9047845,0.8213823114732278,0.7656122
2024-06-06,1.574366,1.2191541,0.8430626160554314,1.037052,1.1236281,0.89473987,0.9029810259921149,0.9538467,1.102981,0.87344265,0.9043127487313413,0.90815616
2024-06-07,1.9310524,1.5084382,0.9366242074738349,1.0185277,1.2712837,0.9718015,0.9641740050133363,0.98882496,1.3578438,1.06413,0.9575809245802294,0.93828565
2024-06-08,1.5281806,1.1784761,0.9438209436726219,1.009195,1.0078009,0.74847823,0.9679558356201019,1.0168293,0.94029653,0.71359354,0.9709531353879354,0.96611124
2024-06-09,1.5114152,1.2593997,0.9659919457038608,0.9563553,0.9359814,0.7555966,0.9823656101860462,0.9627046,0.9235921,0.7152707,0.9822940014750403,0.9262031
2024-06-10,1.4471314,1.1632298,0.9645677312945047,0.938488,1.0943528,0.9046533,0.9743551297258887,0.9103273,1.0346907,0.860116,0.9776256777846754,0.90018517
2024-06-11,1.4453737,1.1438165,0.9361135181560298,0.9151161,1.1510762,0.95522165,0.946912491636968,0.8880748,1.0660855,0.8784953,0.9515215640180004,0.90107656
2024-06-12,1.5291718,1.1977382,0.8901697858922676,0.9741434,1.0877014,0.8475833,0.9282651165393874,0.9938233,1.0354632,0.8127,0.9344322321133633,0.93716484
2024-06-13,1.547034,1.1744604,0.8471336027683138,1.1518945,0.766731,0.5963581,0.9476740428763707,0.9977486,0.7460645,0.5822601,0.9528448140436254,0.95263684
2024-06-14,1.7829089,1.3984973,0.8673953900581186,1.0296808,1.0898703,0.8661556,0.9329223046138135,0.9539114,1.0211805,0.80787957,0.9437347229636939,0.95318663
2024-06-15,1.3880779,1.1066153,0.9496956124153826,1.0268595,0.9127283,0.7227418,0.9723048254405304,1.0328447,0.7978615,0.634009,0.9778069137026074,0.9774906
2024-06-16,1.5279218,1.2124918,0.9053267828238093,1.090653,0.88892955,0.71735716,0.9553442559501862,1.0532341,0.8706777,0.68621796,0.9557449458478723,0.99008507
2024-06-17,1.6204773,1.3004124,0.9307799565130138,1.0898281,1.232807,0.9915722,0.9497247921922031,0.9730302,1.2253985,0.9438421,0.9508483345927312,0.89658386
2024-06-18,1.7554302,1.2358197,0.7177426863575327,1.4196476,1.3405597,1.1190026,0.7715095448726705,0.8462569,1.2464069,1.0211304,0.7997225569141297,0.87312514
2024-06-19,1.8046604,1.2551734,0.7173488880410865,1.3879038,1.3067157,1.0925533,0.8279522762681749,0.8194918,1.2398485,1.0017685,0.8414077807586955,0.8507369
2024-06-20,1.8049674,1.3034993,0.7111188020980094,1.2826426,1.42743,1.1837025,0.8100010670388473,0.8342878,1.4058504,1.1613954,0.8148513141863524,0.8617238
2024-06-21,1.5926117,1.2066729,0.9507724715442332,1.0492586,1.2682539,1.0225635,0.9654160289512845,0.9124749,1.2801559,1.0325656,0.9666935369067392,0.88388216
2024-06-22,1.6682181,1.2785203,0.9712228022825669,0.9620396,1.5908452,1.3082681,0.9759591533306915,0.8711297,1.5826328,1.3196653,0.9783742530211428,0.85388786
2024-06-23,1.4361469,1.1011413,0.9624915603342528,1.0053316,1.1392483,0.8700359,0.9759362717585006,0.9334949,1.105783,0.8481455,0.9806006569652648,0.8913451
2024-06-24,1.3392822,1.0171101,0.9507734713868514,0.8906835,1.1207995,0.8816174,0.9672961189725082,0.8749491,1.1392791,0.90610945,0.9693552451954262,0.8461574
2024-06-25,1.4973301,1.0777694,0.8218932055035502,0.9901141,0.78641164,0.6139663,0.9487579543300388,0.9108344,0.7904949,0.6140752,0.9485211087406636,0.9197009
2024-06-26,1.7462772,1.3601038,0.9080619013956954,1.0693736,1.1454587,0.92850566,0.9548281052405416,0.9501223,1.0805951,0.8642584,0.9596616119494786,0.968465
2024-06-27,1.4646158,1.178139,0.9627410119876753,1.0149229,1.0172786,0.806869,0.9746055568394342,0.9894392,1.0472214,0.8437617,0.972010744122137,0.96262753
2024-06-28,1.3110455,1.0362179,0.9261508893322669,1.0626059,0.95314,0.73454916,0.948230015852117,1.0911435,0.9262551,0.7068925,0.9449281078480734,1.0118443
2024-06-29,1.9128137,1.5090497,0.945930211845036,1.0779235,1.3932544,1.0574297,0.9584204302557534,1.0420909,1.362761,1.070996,0.9597990235977807,1.0009586
2024-06-30,1.6745998,1.324838,0.9083145693169603,0.9944389,1.1837142,0.97428477,0.9473285126154962,0.86526954,1.202179,0.98422223,0.9500955391868257,0.8552018
2024-07-01,1.2509428,0.91864735,0.8265864867278614,0.93915766,0.8415671,0.6565734,0.9140389325320033,0.9905316,0.767812,0.59151274,0.9259814896712804,0.9646754
2024-07-02,1.4301918,1.0820452,0.6997266924484093,1.0036312,0.7219994,0.5612033,0.899682283929576,0.9609749,0.74835145,0.58078104,0.9008838702062552,0.9382721
2024-07-03,1.3199024,0.94412905,0.7819174213781515,1.0960885,0.7339762,0.5704648,0.9132899695532959,0.97398686,0.79236215,0.60653925,0.8976567600364408,0.90760344
2024-07-04,1.5938853,1.2311113,0.8755657655876584,0.9794983,1.2183268,0.98069125,0.9168625363086335,0.8729266,1.2316082,0.9915961,0.9196607383915697,0.82651365
2024-07-05,1.629221,1.2746283,0.9071629596670377,1.0598977,1.1760774,0.97231525,0.9466761127559867,0.91276175,1.1592052,0.95286894,0.9500057657371949,0.9043204
2024-07-06,1.6059068,1.2505199,0.9372858876187853,1.0270938,1.3389449,1.1032174,0.9514444626114837,0.92201924,1.2996726,1.0627748,0.9534021743734589,0.9067168
2024-07-07,1.7233437,1.3263664,0.8554150705491298,1.0636103,1.1568322,0.95687675,0.9375924892516957,0.92946506,1.1218274,0.93135315,0.9434239345300209,0.96480566
2024-07-08,1.8060545,1.3561903,0.7935382266611647,1.1180212,1.2438048,1.054485,0.9256887726914244,0.919146,1.1852627,1.004261,0.9356104874154652,0.94402784
2024-07-09,1.698219,1.2762142,0.8582341914109559,1.1204473,1.2731972,1.0442367,0.92746516757984,0.9185135,1.1920571,0.9819707,0.9418498643339157,0.9350742
2024-07-10,1.6833369,1.2806251,0.8717597321710058,1.0336031,1.5885994,1.3325208,0.8744462485812405,0.8327963,1.551952,1.2705061,0.883066656882403,0.861234
2024-07-11,1.4126837,1.1177746,0.945936929511473,1.0532218,1.100373,0.8874197,0.9531202247318097,0.9533071,1.1317595,0.88698614,0.9516295768029146,0.9322125
2024-07-12,1.5552089,1.176953,0.7269755987948269,0.9710699,1.1828434,0.95816594,0.7906512300194249,0.77590245,1.2878165,1.042471,0.7612039023045162,0.74844563
2024-07-13,1.5275029,1.1762319,0.8254213061483673,1.0864791,1.1008449,0.8887086,0.8953035382092023,0.85666406,1.1162863,0.89750576,0.8904451646332184,0.8660275
2024-07-14,1.7956064,1.4048344,0.8354291014412595,1.0335331,1.4241989,1.1859221,0.9185536578538164,0.9213436,1.3886832,1.1398352,0.9215171227526241,0.91195554
2024-07-15,1.5999227,1.1866239,0.8683352867654052,1.0672672,1.2660738,1.051741,0.9433863290314952,0.9337428,1.1140584,0.91166186,0.9535048354153329,0.9598949
2024-07-16,1.7980273,1.4129773,0.9034556466878904,1.183246,1.1812321,0.981651,0.960195663267921,0.99026895,1.1510161,0.940273,0.9594513119758409,1.0379319
2024-07-17,1.5539818,1.1547798,0.9118535345972876,1.0343263,1.0882828,0.9054743,0.9531497505267059,0.9033105,1.091674,0.908553,0.9500008352003207,0.93228716
2024-07-18,1.4430746,1.1402693,0.8876550836227763,0.9703628,0.78981775,0.634029,0.959095719197482,0.9253817,0.83231634,0.6646898,0.9581883490204097,0.9225227
2024-07-19,1.4981313,1.2442566,0.8833572222538564,0.98881805,0.8766706,0.69758844,0.9446813334875594,0.9602896,0.9033394,0.7254051,0.9506866767137641,0.9530122
2024-07-20,1.4584755,1.1111646,0.6723743697016462,0.96623427,0.87863696,0.6804645,0.8454472277989482,0.91578114,0.89694124,0.676436,0.8501590639516777,0.904554
2024-07-21,1.4161029,1.1074609,0.9259394564417049,0.9598167,0.8597765,0.6776044,0.9694895203100756,0.9091549,0.8686277,0.6607133,0.9701066116374544,0.89096874
2024-07-22,1.5234091,1.2136922,0.6770584500950838,0.996936,0.80490494,0.6379795,0.8806588078140734,0.92109007,0.88715047,0.69916564,0.8643667697632051,0.88781667
2024-07-23,1.4424721,1.1670623,0.938456988152805,1.003854,0.9469221,0.74515426,0.9613285694466973,0.9944576,1.001733,0.78831565,0.9556478650852765,0.9332277
2024-07-24,1.2848792,1.0357642,0.9270837451812819,0.928362,0.89267147,0.7116627,0.9557389274625095,0.9201349,1.0135823,0.8163265,0.9485596609799459,0.8346472
2024-07-25,1.281138,1.0069801,0.908333748654606,0.9737891,0.7933668,0.61866754,0.9592859442928314,0.9308283,0.8695666,0.6679676,0.9524944675924077,0.877329
2024-07-26,1.3317351,1.0132978,0.7668575327147187,0.9585368,0.75820714,0.59658563,0.9119857153894497,0.94734,0.7530242,0.5956643,0.9124949034487113,0.9387325
2024-07-27,1.4822868,1.1402588,0.7117334976319226,0.9893134,0.77703714,0.61061144,0.9064707504348067,0.9405736,0.81394655,0.63259256,0.9021729170494386,0.92403096
2024-07-28,1.582473,1.2011331,0.7367128347186571,1.0401996,0.9385527,0.73329216,0.8985114632867376,0.88973624,1.0447571,0.7956245,0.8720388920193907,0.8691952
2024-07-29,1.43309,1.1439242,0.9421413866538251,0.98977226,1.3259699,1.0769986,0.9408096431308646,0.8735511,1.4165322,1.142029,0.9323568041479783,0.83305633
2024-07-30,1.3960176,1.0733972,0.7977214755929283,1.1067291,0.81250316,0.64261705,0.913089267405054,0.9429691,0.8633415,0.68347925,0.9021697759781828,0.8866388
2024-07-31,1.2936448,0.97906625,0.9198095895079356,1.0890868,0.8450703,0.68157464,0.9556779786012483,0.97741467,0.8538154,0.684586,0.9541801825584828,0.9621021
2024-08-01,1.4964612,1.0900037,0.8503524780572879,0.99741685,1.0908868,0.8830635,0.9365655171962995,0.9437337,1.0581061,0.8326044,0.9394988861029592,0.9243644
2024-08-02,1.5604143,1.1282033,0.8896425093439576,0.92057747,1.232596,1.002325,0.9397150689752441,0.81500417,1.1938478,0.95212203,0.9383225235308172,0.84487957
2024-08-03,1.5295341,1.14196,0.8698447959797033,1.0596821,1.0333848,0.82396543,0.9269841893837738,0.94755846,1.1101952,0.8779811,0.9140530617076291,0.95833033
2024-08-04,1.3852457,1.074793,0.7469564206075864,1.042114,1.0055574,0.80325603,0.8358602197374012,1.015375,1.0126648,0.8214652,0.8266185807710493,0.9499871
2024-08-05,1.3196278,0.96815926,0.9355781146836069,0.9452313,1.0429182,0.827107,0.9633009405465814,0.86309445,1.0319929,0.8253643,0.9631673556314492,0.8733405
2024-08-06,1.371871,1.0232292,0.9659267440016299,0.89974,1.6200529,1.2577162,0.962153835688825,0.8404136,1.71703,1.3607954,0.9576172310377523,0.82643336
2024-08-07,1.4510348,1.1217848,0.9056178238077986,0.9601177,1.322391,0.99397004,0.928937361409761,0.9198329,1.2507257,0.9261036,0.9398937705244731,0.86502624
2024-08-08,1.5569447,1.1240723,0.8005632984325958,1.0306075,1.3001341,0.982725,0.83827399266984,1.0645715,1.2268431,0.9173931,0.8425127235637139,0.9847748
2024-08-09,1.3564849,1.0162743,0.9031885031538835,1.1240364,1.2726973,1.0208622,0.9193558154762377,1.1249446,1.0475185,0.8471049,0.9335781205630845,1.0276719
2024-08-10,1.2015432,0.85967666,0.9202219529305117,0.9428475,0.84418434,0.68359506,0.9736003883991982,0.8947625,0.8295006,0.66757226,0.974088020290039,0.883463
2024-08-11,1.1286988,0.8414353,0.917084346387559,0.9864816,0.74621236,0.5842279,0.9613412441646046,1.0002908,0.728647,0.56696165,0.9616263513041994,0.96597236
2024-08-12,1.1725395,0.88834834,0.9343286637898193,0.9847736,0.8031385,0.63433176,0.9661986083681229,1.0179638,0.74647987,0.5798477,0.9700876418442345,0.9782698
2024-08-13,1.1148169,0.83334774,0.8324131621527038,0.8195564,0.80627054,0.635931,0.9349758144369541,0.89044076,0.8004559,0.6191145,0.9290908746095888,0.87023616
2024-08-14,1.2203649,0.9429428,0.8147937676850107,0.92760646,0.71436566,0.5636294,0.9348012936571254,0.96381146,0.73944914,0.5826721,0.926413554870587,0.9101487
2024-08-15,1.3470867,1.0330887,0.8903983757289374,1.0470722,0.952617,0.7207874,0.9378051989168482,1.0412021,0.80370694,0.60783523,0.9520263985525902,0.95618063
2024-08-16,1.3052572,0.9630766,0.8659092941537087,0.9585712,0.92704654,0.7101599,0.9400314872296706,0.91714585,0.9494003,0.70719695,0.937449368549972,0.8691586
2024-08-17,1.4116989,1.1323178,0.8794397707806664,0.851086,1.2805638,0.9906835,0.9005777870219485,0.839977,1.3168894,1.0463753,0.8999190671402391,0.76307744
2024-08-18,1.3012047,1.0364645,0.9401701393328862,0.90591574,1.0977222,0.8562187,0.9629561330076628,0.910876,1.2204785,0.9660399,0.957558980287392,0.83296835
2024-08-19,1.5398704,1.2219374,0.9209795960370152,0.82356423,1.3677181,0.9880285,0.9429866138134412,0.82265645,1.4879708,1.0746107,0.9321317901713567,0.7937161
2024-08-20,1.0340012,0.7869582,0.935638598837336,0.9273011,0.9986053,0.7876504,0.9524334633728052,0.9152124,1.0630875,0.8259586,0.9542894660664881,0.96224314
2024-08-21,1.1779153,0.9283695,0.9362466075512595,0.94003457,0.9635359,0.7801083,0.9502365398169609,0.91296345,0.9038819,0.71991277,0.956403499757554,0.94276226
2024-08-22,1.2265579,0.964504,0.9121545913721708,0.9405132,0.9255782,0.7256013,0.94064919189359,0.9719873,0.79700804,0.6173008,0.9561058079318094,0.9563349
2024-08-23,1.0921878,0.82025254,0.8661761511527091,0.95009714,0.7448539,0.5840155,0.9474981276567317,1.003042,0.6776837,0.53341156,0.951381473248924,0.9259378
2024-08-24,1.2329651,0.90672785,0.7689955784883605,1.0321305,0.69177127,0.54548603,0.9224688198309571,1.0076486,0.647782,0.50566715,0.9239905296389254,0.95686233
2024-08-25,1.2988513,0.94880044,0.8419506854174778,1.0595812,0.7659884,0.60281914,0.9385714174759986,0.97369176,0.69437695,0.5450155,0.9471455420220793,0.92459965
2024-08-26,1.433598,1.0868479,0.8758921500254144,0.9546926,0.93948716,0.7440762,0.9376959918435493,0.91954535,0.942941,0.7307166,0.9443275689500034,0.83790946
2024-08-27,1.3089771,0.966532,0.8602099783831682,1.0639119,0.743803,0.58562744,0.953887677950936,0.97050893,0.6961206,0.5487834,0.9616511452482395,0.9463062
2024-08-28,1.7536762,1.3367547,0.9484725430435827,0.9412144,1.5054245,1.1172357,0.9679123749330377,0.86240077,1.548278,1.1065899,0.9687188308906226,0.83817583
2024-08-29,1.395987,1.0908897,0.9501905959614942,0.96311,1.4251055,1.0805532,0.9548105184335439,0.930379,1.490126,1.1668482,0.952538163111049,0.8615
2024-08-30,1.3187592,1.013761,0.8972346812595596,0.9086943,1.4151013,1.1236151,0.9117116125983542,0.9088228,1.384825,1.1183099,0.9214196236141683,0.8067704
2024-08-31,1.5497489,1.2457383,0.8801587153609007,0.8606363,1.5018895,1.2046621,0.9129618787142006,0.8823005,1.4826164,1.1885768,0.9163892790989283,0.801683
2025-06-01,1.2201216,0.9385084,0.9446351724064932,0.9858354,1.0401368,0.82684535,0.9553297501988169,0.9439592,0.96549994,0.79441255,0.9629098718660247,0.9816011
2025-06-02,1.4904441,1.1587884,0.878716594836252,0.97918165,0.98451346,0.7667409,0.9282609745195181,0.9745336,0.9003833,0.7058158,0.9380027135075663,0.9463596
2025-06-03,1.9358561,1.4223515,0.7084396512823516,1.3168473,1.1926423,0.9360417,0.8388311417010036,1.2218407,1.1460625,0.880323,0.846231879672533,1.1125453
2025-06-04,1.7764227,1.2794555,0.8112705902136262,1.3295592,1.1951116,0.9731645,0.853903423118496,0.95032823,1.2107371,0.9828492,0.8613322470971407,0.91044575
2025-06-05,2.1398752,1.5879965,0.7361076664588704,1.0815758,1.7197987,1.4103229,0.7719235848229188,0.70348597,1.7253968,1.4341037,0.8017363093771287,0.7234587
2025-06-06,2.0645123,1.5771607,0.8621368785220194,1.0079271,1.4143629,1.0920153,0.9071766891301499,0.90310895,1.5111289,1.1763134,0.905140625345422,0.85445
2025-06-07,1.4724746,1.0703423,0.9141437036808661,0.91742355,0.98789626,0.7473471,0.9620828576135918,0.91469824,1.0588316,0.80012983,0.9616363097747744,0.83768153
2025-06-08,1.6672928,1.2822934,0.7604610895405312,0.94721127,1.2523538,0.9987166,0.8301653899051245,0.90989256,1.2116845,0.96112937,0.83829856570066,0.8494509
2025-06-09,1.4935504,1.1327817,0.9402735602741162,1.0435258,1.2380514,0.9822327,0.9513948843091404,1.028993,1.1475397,0.90825707,0.9550388581604641,0.9597027
2025-06-10,1.5822415,1.2617494,0.9609460050290318,1.0802298,0.9872713,0.7881687,0.9741639388982284,1.0393789,1.0282122,0.8318356,0.9705285473324734,0.99373215
2025-06-11,1.4741858,1.0627897,0.867996818903681,1.0013273,0.88872445,0.7103897,0.943995071732611,0.9918038,0.85523224,0.66975284,0.9472747148110787,0.9260203
2025-06-12,1.7765764,1.2792615,0.9291684211553837,0.97879213,1.274501,1.0215124,0.9581456322229595,0.9306681,1.2709892,1.0414294,0.9620374446154648,0.8889148
2025-06-13,1.7554914,1.4127849,0.9437675736148863,1.0289569,1.3773292,1.078755,0.9578035834918979,1.0046004,1.2706393,0.99784607,0.9633077614444846,0.9620698
2025-06-14,1.616053,1.314358,0.9371121159141773,1.0454599,1.6395537,1.3396684,0.9458203770402356,1.0230038,1.608349,1.2940391,0.94554716380061,0.9484891
2025-06-15,1.5746474,1.2425009,0.8122944875272565,1.0248177,1.4302791,1.1438799,0.8357187852192449,1.0153031,1.3666599,1.1138291,0.840750474195375,0.9323428
2025-06-16,1.5681598,1.2065114,0.8519701899364007,0.9015309,1.1913228,0.93150514,0.8965386968563936,0.8664395,1.2711323,1.0069191,0.8833417695811392,0.81317514
2025-06-17,1.3631922,0.9841589,0.9223638103459643,1.0668283,1.1204005,0.8929249,0.9452816526355671,1.0453148,0.995179,0.7785969,0.9515508584034332,0.93849564
2025-06-18,1.7170982,1.3342656,0.8774223555024926,0.92737156,1.2896503,1.0562761,0.9110845924940691,0.87119126,1.3740046,1.1428057,0.9083974141841618,0.7855037
2025-06-19,1.6108289,1.190306,0.8832258432189303,1.0062435,1.0460452,0.8362994,0.9457990562425386,0.88304216,1.1107748,0.88529354,0.9427195908908996,0.84679455
2025-06-20,1.4707475,1.1139634,0.9159828237014751,0.91100967,1.0688164,0.789611,0.9507497785189398,0.91847837,1.0543712,0.79743576,0.9556910808678631,0.8665728
2025-06-21,1.7580079,1.2784628,0.8519118806675714,1.0390934,1.0882993,0.8714006,0.9376063946777895,0.9801493,1.1081989,0.8914363,0.9386010928900642,0.9291268
2025-06-22,1.8715688,1.3631815,0.8428119774703402,0.94116944,1.4731364,1.1864636,0.9076531894923484,0.8157805,1.4835532,1.209824,0.909771299774596,0.79293543
2025-06-23,2.0054893,1.4294374,0.7974344840372237,1.2320956,1.7848511,1.5300436,0.9017613040692755,1.0181974,1.5585291,1.329746,0.9190736815851361,0.98807997
2025-06-24,2.0089993,1.3535955,0.616808525103634,1.0256383,1.567742,1.2739422,0.8551270265523591,0.90046203,1.4015709,1.108311,0.8631534649743606,0.8714438
2025-06-25,1.8985573,1.3592454,0.8911828026939648,0.9776687,1.5602313,1.2922915,0.9454242320732235,0.86562526,1.5656968,1.2898391,0.9470671074276545,0.8662183
2025-06-26,2.1616793,1.6680528,0.9434336957815258,0.8619265,2.4003234,1.862701,0.9347093395808472,0.8197278,2.5032027,1.9887092,0.9325132612799897,0.78537714
2025-06-27,2.0718975,1.6040752,0.7639230525358238,0.9027265,1.979311,1.563581,0.7890467327677025,0.89609444,1.9751749,1.5318929,0.7832295239873466,0.8252425
2025-06-28,1.8253177,1.533024,0.9726135264953696,0.8202266,1.762196,1.4180301,0.9764957450675691,0.7922253,1.9942192,1.6110932,0.97319916010226,0.7490334
2025-06-29,1.6364661,1.2725029,0.9558179897201751,1.0246234,1.1160644,0.887634,0.975360200137185,0.9554792,1.2331159,0.9877185,0.9747948900345652,0.8908594
2025-06-30,1.8197033,1.3697517,0.7491069686376083,1.1423608,1.170281,0.9719488,0.896357398037134,0.9944395,1.1321563,0.91927123,0.9063318848288698,0.97017395
2025-07-01,1.5763203,1.198664,0.8813287184951393,1.0042529,1.0643203,0.86549133,0.9414237828273085,0.8863614,1.0260149,0.8306658,0.9492280392498909,0.8658936
2025-07-02,1.5466399,1.1376954,0.6910135494733048,1.0544472,1.0120646,0.80467695,0.8259767696403226,0.90781987,1.0640353,0.84177196,0.8105561663678853,0.9064827
2025-07-03,1.5975664,1.180271,0.8795010364751658,0.9577173,1.065533,0.8394679,0.9430712489881782,0.8863329,1.0990491,0.8751954,0.9416886173344167,0.8706675
2025-07-04,1.4630705,1.1523254,0.9312757274269379,0.9739846,1.0100391,0.8029089,0.9601735042035828,0.9739846,0.9608696,0.77150327,0.9659744167203739,0.9099522
2025-07-05,1.6700574,1.2930355,0.8203082336809772,0.99009395,1.1657152,0.9332399,0.8964114971239661,0.94134367,1.2086068,0.93750334,0.8935953224657602,0.8674971
2025-07-06,1.6053009,1.1966137,0.6428288284529462,1.1101032,1.1761204,0.97112495,0.8193106446702833,0.87803894,1.1255696,0.92500615,0.8367712135587227,0.8443406
2025-07-07,1.8365436,1.4407002,0.8334409782140743,1.0069513,1.5757947,1.2438939,0.8706621734311811,0.82581687,1.6326172,1.2919624,0.8624195753718986,0.793525
2025-07-08,1.72377,1.3255074,0.9314723643444947,1.0036165,1.3034155,1.0230451,0.9573727871180513,0.89596206,1.3230664,1.0708131,0.958919435120342,0.8745347
2025-07-09,1.4080489,1.0564154,0.8985656036318262,0.94054073,1.1140494,0.8675006,0.9262849542360204,0.86361426,1.1278238,0.8849998,0.9270673572874741,0.8462087
2025-07-10,1.4960477,1.2157425,0.909352798308393,0.9289951,1.2368904,1.0050315,0.9132671585196411,0.8921,1.3439347,1.0883938,0.9042263254753554,0.7995382
2025-07-11,1.500268,1.1956605,0.8966224748350532,1.0499046,1.2211974,0.9969454,0.9114317930536485,0.93536514,1.2425019,1.035348,0.909951109576603,0.88232934
2025-07-12,1.5498673,1.2336229,0.8782579195124188,0.98503673,1.2728324,1.0307398,0.9176181765545232,0.8310101,1.3290645,1.0879062,0.9149657219892995,0.76307905
2025-07-13,1.5925657,1.2652239,0.8152922395546367,1.0555664,1.057232,0.85123855,0.8991171407567772,0.8746991,1.0912535,0.8830039,0.9045957053757996,0.7921371
2025-07-14,1.734348,1.4397292,0.8471008740597155,1.0220768,1.3014234,1.0893375,0.8836978480377002,0.93587655,1.3283968,1.1041825,0.8822166102931502,0.87209237
2025-07-15,1.6878368,1.2621094,0.504263811807861,1.2438551,1.1687518,0.9479304,0.750663128353532,0.9778919,1.1178693,0.9050491,0.7609222536584023,0.98277146
2025-07-16,1.6428564,1.1898787,0.6096716246779625,1.2815299,1.1810461,0.9746489,0.8134086325195556,1.0081506,1.0802847,0.8852682,0.836174252049017,1.0219854
2025-07-17,1.4043736,1.0536901,0.8512827477030472,1.0426791,1.16574,0.8939986,0.8899901734684448,0.9654456,1.0767927,0.82938373,0.9049362852085843,0.96070045
2025-07-18,1.3197713,0.988088,0.9244125773529734,0.9232685,0.92810327,0.7354663,0.9560742585593032,0.9245042,0.96681845,0.76140726,0.9538307880112429,0.890462
2025-07-19,1.8156031,1.484771,0.7677361017459028,0.8656593,1.3135478,1.0556402,0.8522387404210066,0.85717046,1.3091006,1.0531961,0.858705786131464,0.8200007
2025-07-20,1.3921986,1.0721008,0.9465120191424582,0.99366033,1.1524168,0.92095333,0.959335202378838,0.90767676,1.1726875,0.9407155,0.9626995582561951,0.8597488
2025-07-21,1.3335108,1.0615366,0.9598000211936034,1.0148185,0.84301984,0.6722081,0.9787459840010762,1.0042014,0.8944301,0.7104895,0.9761285150224056,0.95601815
2025-07-22,1.6806606,1.3431222,0.9005027066911157,1.0459237,1.0845823,0.84416866,0.9467977735221405,1.051578,1.0278158,0.8157904,0.9520427939047241,0.9992072
2025-07-23,1.5779915,1.2396924,0.7698969246931542,1.1263449,0.97844094,0.793328,0.8855472526889407,1.0536883,0.959142,0.76761514,0.8919674875898618,0.95498294
2025-07-24,1.4517516,1.0516363,0.7449015619622681,1.3181999,1.0663171,0.8624285,0.8411761541845064,1.0027964,0.9792833,0.7743956,0.8474662605555298,0.9332642
2025-07-25,1.7008349,1.2590383,0.9100982815572055,0.9813567,1.351738,1.1096431,0.9454234240074866,0.8562744,1.4066966,1.1584784,0.9412738166116853,0.84815854
2025-07-26,1.6757877,1.3303007,0.8703039472346424,0.9885725,1.1393611,0.92766035,0.9291936573274563,0.91837555,1.2676142,1.0083889,0.9119815370452476,0.8658805
2025-07-27,1.5070988,1.1890056,0.9230160676396897,0.89459574,1.2573241,1.015574,0.9464504404845392,0.8311617,1.3541503,1.124849,0.9466820271012998,0.76783216
2025-07-28,1.6921428,1.3073953,0.7795640846619623,1.1685575,1.4468703,1.1981474,0.8612703799802673,1.0528591,1.335343,1.1099813,0.880956893264015,1.0164016
2025-07-29,1.8254601,1.3871899,0.8353149720875082,1.0619298,1.6136352,1.3517255,0.9069880264912138,0.892387,1.5737008,1.3160079,0.9137953877530024,0.880295
2025-07-30,1.7975562,1.4207728,0.8863231451930014,1.0624388,1.632581,1.3717855,0.9131482737061457,0.9130987,1.6144187,1.3562037,0.9191569482992535,0.90056735
2025-07-31,2.5061297,1.9867178,0.9288969573946058,0.7456977,2.760831,2.1392357,0.9288058252748381,0.73144436,2.7773995,2.2090445,0.9346904528504445,0.7007328
2025-08-01,1.497152,1.1573136,0.48484124996034456,0.9401578,1.5489,1.1225837,0.514045085477947,1.0365078,1.4853181,1.076514,0.5622341830822263,1.0369315
2025-08-02,1.2700543,0.9564741,0.6953197093541978,0.8538102,0.9338797,0.72935104,0.8404947464848733,0.91981816,0.8389202,0.64876324,0.8661556370809221,0.8735487
2025-08-03,1.3968576,1.0733027,0.676402171306158,0.90965,0.9094753,0.7293397,0.8246538761508683,0.85582584,0.88071775,0.71521133,0.8419038583128764,0.8278674
2025-08-04,1.4495488,1.0936737,0.8070966798334933,0.9801619,0.94712836,0.76799524,0.8979369105276329,0.9235881,0.98092765,0.79650563,0.8949139778532048,0.8867275
2025-08-05,1.3375117,1.0051513,0.7983079972113406,0.92804724,1.0453056,0.8163754,0.87078234598107,0.8333368,1.0369717,0.8266997,0.8764431260201266,0.76262563
2025-08-06,1.3599008,1.0251495,0.7443775667088662,0.8250816,0.9832977,0.7725275,0.8620283621680963,0.7541638,0.9981904,0.788586,0.8561182866685815,0.7383895
2025-08-07,1.343486,0.988532,0.685250358371226,0.9295618,0.8636514,0.6845173,0.831867443553521,0.86832553,0.8667138,0.6794432,0.8343417509191423,0.8276335
2025-08-08,1.4805032,1.107697,0.6198638140698735,0.9109993,1.1061118,0.87367266,0.74285695629349,0.7747252,1.0615757,0.8333976,0.7712752789559476,0.72243565
2025-08-09,1.4440926,1.0936224,0.6813559086863653,1.0927987,1.0837204,0.8792231,0.750443518694194,0.8240793,1.0193012,0.826432,0.7888593143982923,0.7638886
2025-08-10,1.5428429,1.1462525,0.6854252723003694,1.1587934,1.211384,0.98657197,0.7428819746906206,0.7600971,1.0916481,0.8810582,0.7980099858178953,0.74832225
2025-08-11,1.5830791,1.1536723,0.7603437814725595,1.1098218,1.2977531,1.0636624,0.8540929714537833,0.76774657,1.2296311,0.9797885,0.8682374285084693,0.75437635
2025-08-12,1.7398517,1.2620299,0.6385869160364023,1.1588377,1.532365,1.2665288,0.7516765333497775,0.7796677,1.373925,1.1059171,0.7849994902180604,0.76164657
2025-08-13,1.9082222,1.5176111,0.7066455489127316,0.92075384,1.7914078,1.4660262,0.7128974893371729,0.7209863,1.7041653,1.3841857,0.7459166318571352,0.74219334
2025-08-14,1.5233624,1.1514677,0.8013838234603465,1.0029023,1.1257935,0.90155387,0.8774757514566331,0.89492464,1.1313975,0.9151922,0.8899768806919953,0.8970248
2025-08-15,1.4151042,1.0356812,0.8450604644171247,1.0920938,1.0201937,0.8120216,0.9018961602337219,0.97928023,0.9967229,0.80417585,0.9060661779564071,0.9531334
2025-08-16,1.4631962,1.0963264,0.7264482114538385,1.2493515,1.0648906,0.8530919,0.8204173482686212,1.017696,1.0100735,0.8161446,0.8296345646870817,0.9513241
2025-08-17,1.6918344,1.3252876,0.8999542537442919,0.98317575,1.3668607,1.0319853,0.9395262333973232,0.8172143,1.3743577,1.0079261,0.9382294709601673,0.82614774
2025-08-18,1.5427816,1.1953149,0.8173946794116165,0.99600714,1.7467229,1.3190324,0.8007672343281823,1.0476342,1.684423,1.2768049,0.7965725047307664,0.97310877
2025-08-19,1.5051136,1.1194834,0.7150823973804571,1.0228641,1.3609595,0.9990101,0.775017442444381,0.9954533,1.3123157,0.976885,0.7683386084288286,0.89671296
2025-08-20,2.0073915,1.6112676,0.8878434164767648,0.87752676,1.9385688,1.5476195,0.9139195617788134,0.88018394,1.9629215,1.5662165,0.9157474021478429,0.8164415
2025-08-21,1.3127527,1.028052,0.7994663256759795,0.94035745,1.3055745,1.0032008,0.8272730381789365,0.9317822,1.3593504,1.0558795,0.8081688875913374,0.85435146
2025-08-22,1.410372,1.0775347,0.5610334241790863,1.0252017,0.7709847,0.60901356,0.8354053985068464,0.96709776,0.77791035,0.6147214,0.8303854004579593,0.9132946
2025-08-23,1.3839871,1.06076,0.6330769307970968,1.1529661,0.84062093,0.6616325,0.805301432715852,0.92528766,0.83241147,0.6534723,0.8079484258733166,0.86359775
2025-08-24,1.6710311,1.317902,0.7517739004773315,0.81448597,1.480974,1.1445155,0.8409135326903531,0.76127565,1.4790535,1.1328716,0.835602271607511,0.71387774
2025-08-25,1.3255377,1.038763,0.9264584623298654,0.9712888,0.9048173,0.68814355,0.9621756265589817,0.93655026,0.90478283,0.69699645,0.9648288189767976,0.8838701
2025-08-26,1.2887889,1.0134009,0.925934422341061,0.91534597,0.91250235,0.7326749,0.955447669911371,0.9195493,0.849481,0.6752513,0.9613066623644938,0.9100876
2025-08-27,1.2735585,1.0005518,0.9022367410921504,0.9102072,0.9927832,0.8041543,0.9305988247256127,0.93676203,0.8838639,0.7004487,0.9453389892395825,0.9283655
2025-08-28,1.2966336,1.0206378,0.8399429764948206,0.98400605,0.72924334,0.5705923,0.9387053715678129,1.012829,0.69718933,0.5433753,0.9422332747721959,0.9764689
2025-08-29,1.0682527,0.8340879,0.9598923628509646,0.96811247,0.8655134,0.6944819,0.9780041385187849,0.9634002,0.846429,0.67067456,0.9821960742556759,0.93242216
2025-08-30,1.227622,0.96839523,0.9266116727772344,1.0032969,1.076783,0.859792,0.9381515325836083,0.98249793,0.94637495,0.7507109,0.9527659804728827,0.9693131
2025-08-31,1.3522402,1.0604935,0.7452445399933939,0.98947847,0.92002743,0.7330943,0.846614154621974,0.9986431,0.8583942,0.6824511,0.8664084008500962,0.9773445
