,Interpolation RMSE,Interpolation MAE,Interpolation Bias,U-Net T+Elev RMSE,U-Net T+Elev MAE,U-Net T+Elev Bias,Transformer T+Elev RMSE,Transformer T+Elev MAE,Transformer T+Elev Bias,Transformer T+Dew Point+Elev RMSE,Transformer T+Dew Point+Elev MAE,Transformer T+Dew Point+Elev Bias,Truth Tmax mean (deg C),Dew point mean (deg C),Transformer dew-point RMSE benefit,Transformer T+Elev minus U-Net T+Elev RMSE
2022-06-01,1.9745157,1.57024,-0.802886,1.8549869,1.4841204,-0.1251862,1.949048,1.5988036,-0.21436958,1.8653538,1.5197237,-0.07682855,24.254023,14.048169,0.08369422,-0.094061136
2022-06-02,1.8157321,1.3929659,-1.0020475,1.1142427,0.8773645,-0.31832772,1.091479,0.85402465,-0.3538292,1.0926293,0.86898446,-0.1872002,24.257856,14.729773,-0.0011503696,0.02276373
2022-06-03,1.6606474,1.3585299,-0.7237611,1.4361299,1.1050632,-0.024839254,1.3480846,1.0424984,-0.085354544,1.3995627,1.073416,-0.09925749,22.41456,11.686384,-0.051478148,0.08804536
2022-06-04,1.5543002,1.1997184,-0.67622685,0.9711337,0.773734,-0.03360559,0.97008914,0.7711032,-0.062163018,0.9660209,0.7688239,0.07026819,23.392042,8.827355,0.0040682554,0.0010445714
2022-06-05,1.5992965,1.2661386,-0.8654742,1.0908926,0.86349297,-0.2200531,0.94899404,0.7480031,-0.27656665,1.1394101,0.9146933,-0.52389246,22.83113,6.657612,-0.1904161,0.14189851
2022-06-06,1.7884599,1.4214302,-1.0056956,1.025932,0.84113735,-0.26584834,0.98636085,0.8003746,-0.44158515,0.9058922,0.73364216,-0.2742912,25.121902,9.336909,0.080468655,0.039571106
2022-06-07,1.473802,1.1188744,-0.22228135,1.135515,0.9067867,0.3902855,1.0794786,0.86010236,0.35728872,1.3602291,1.05729,0.85590535,23.640177,12.971812,-0.2807505,0.056036353
2022-06-08,1.7048258,1.2972765,-0.84077823,0.9833773,0.78195226,-0.1846962,0.9663905,0.76730573,-0.22372442,0.9475653,0.76241326,0.045964528,24.490135,14.635913,0.018825173,0.016986787
2022-06-09,1.3863373,1.0323322,-0.18228894,1.100859,0.88526195,0.41289082,1.1480805,0.90622556,0.411583,1.0922819,0.86812603,0.35133535,21.23144,13.85278,0.05579853,-0.047221422
2022-06-10,1.2992784,0.9910077,-0.44859594,0.8841207,0.7005219,0.06948228,0.8127731,0.6409201,0.09785668,0.8252075,0.6505131,-0.07120275,22.669838,10.336435,-0.012434363,0.071347594
2022-06-11,1.5904827,1.2232602,-0.7319722,1.0880904,0.85849786,-0.23264138,1.0569534,0.8235226,-0.17619936,1.0253876,0.77997833,0.037292793,23.11711,11.488964,0.031565785,0.03113699
2022-06-12,1.5982398,1.2145306,-0.5533802,1.0117056,0.82301563,0.08604251,1.0443804,0.81806797,0.020659672,1.0793114,0.8579552,0.34469688,24.540827,14.354276,-0.034930944,-0.03267479
2022-06-13,1.7595154,1.3362811,-0.9703211,0.98156315,0.7691054,-0.4150468,1.0123242,0.8129245,-0.5039489,0.9238721,0.73621845,-0.16440354,26.86285,16.226019,0.0884521,-0.030761063
2022-06-14,1.6143192,1.2013531,-0.3514739,1.198167,0.90787065,0.24509527,1.1055245,0.82155466,0.13633572,1.1476375,0.8433934,0.36264175,25.657751,14.01032,-0.042112947,0.09264243
2022-06-15,1.6548232,1.2604517,-0.47841153,1.0637538,0.8336965,0.017559893,1.0752048,0.8184833,-0.10408237,1.0143107,0.7943761,0.16276741,27.853992,15.063416,0.06089413,-0.011451006
2022-06-16,1.6193908,1.275701,-0.5860072,1.3434589,1.0806487,-0.01566403,1.4872283,1.1879487,-0.08758819,1.3771223,1.1133549,0.3281119,26.022928,16.777561,0.11010599,-0.14376938
2022-06-17,1.6379265,1.1971956,-0.2459668,1.0027492,0.7909469,0.18547069,1.0127721,0.8152763,0.15689243,1.0986996,0.8993327,0.50717014,27.826757,15.952876,-0.08592749,-0.010022879
2022-06-18,2.4984274,1.89992,1.4826777,2.66455,2.152625,2.0583408,2.721399,2.1841042,2.1020317,2.5581446,2.027123,1.9338976,18.285389,8.322987,0.1632545,-0.056849003
2022-06-19,1.1554439,0.92344886,-0.09794681,1.1788238,0.93874216,0.6816439,1.1188666,0.8845405,0.62734616,1.0011522,0.8002897,0.3765023,19.15065,4.483504,0.117714405,0.059957266
2022-06-20,1.4338787,1.1216466,-0.6135261,0.8756685,0.6964246,0.04919386,0.8487533,0.6826681,-0.015418835,0.8612332,0.6801656,0.059952974,23.419762,6.712708,-0.012479901,0.026915252
2022-06-21,1.953846,1.5347078,-0.7721457,1.3077295,1.0891439,-0.13440095,1.3416538,1.1024112,-0.33758092,1.248027,1.0400928,0.023474969,25.186241,11.510333,0.09362686,-0.03392434
2022-06-22,1.9853475,1.5869497,-0.25907278,1.725116,1.3890957,0.29923823,1.8097969,1.4501113,0.1787343,1.9898576,1.5650334,0.77625066,24.902124,14.964762,-0.18006063,-0.084680915
2022-06-23,1.6431901,1.2490628,-0.7929804,1.2553161,0.98998255,-0.18616912,1.1983507,0.95895034,-0.22381642,1.3768822,1.1289593,0.015521199,22.878584,14.878558,-0.17853153,0.05696547
2022-06-24,1.750422,1.3598549,-0.7106556,1.1058666,0.8985719,-0.11131348,1.0190467,0.8164512,-0.27966717,1.0043857,0.78887486,0.11007174,26.813143,15.032051,0.0146609545,0.08681989
2022-06-25,1.9876153,1.4564766,-0.769989,1.2046623,0.99148643,-0.58415574,1.2002188,0.9641027,-0.6496556,1.0439281,0.807643,-0.2839068,30.118532,15.604464,0.15629065,0.0044435263
2022-06-26,1.9704638,1.4493532,-0.49511334,1.0248519,0.8451291,-0.4199678,0.9939789,0.79933393,-0.42363957,0.8947755,0.6965565,-0.15346318,30.324738,17.151903,0.09920341,0.030873
2022-06-27,1.4098324,1.0908087,0.1001809,1.2397507,1.0011915,0.72669506,1.1383004,0.94495815,0.6560677,1.4579421,1.2423005,1.1306019,24.725908,16.18755,-0.3196417,0.101450324
2022-06-28,1.3592094,1.0541362,-0.5152126,0.8760164,0.690693,0.0489974,0.7860345,0.6161889,-0.01056995,0.7878238,0.61177707,0.068343304,24.202265,10.776474,-0.0017892718,0.089981854
2022-06-29,1.5738273,1.1710033,-0.2119083,0.8654086,0.6879738,0.35466132,0.81103307,0.65040684,0.25266856,0.95269555,0.77734715,0.5522476,26.519312,12.012674,-0.14166248,0.05437553
2022-06-30,1.5294496,1.1487781,-0.48930046,0.7722448,0.6185144,-0.10366683,0.71601486,0.55432236,-0.14398864,0.7427434,0.5738041,0.05265361,27.494497,13.30455,-0.02672851,0.05622995
2022-07-01,1.653821,1.2413436,-0.5296717,0.9932786,0.79814607,-0.44730482,0.9468308,0.753755,-0.4491256,0.8290103,0.6509679,-0.108667344,30.384014,16.41993,0.1178205,0.046447814
2022-07-02,1.4394954,1.1045134,0.085215084,0.9626366,0.7724423,0.47166252,0.9315957,0.74616915,0.4397597,1.1274451,0.940347,0.80910325,28.10535,17.30913,-0.19584942,0.031040907
2022-07-03,1.3730608,1.0528798,-0.27586776,0.81661457,0.6411822,0.20670252,0.7327546,0.5706968,0.103069924,0.8315787,0.64494824,0.35684216,26.784338,12.348223,-0.098824084,0.08385998
2022-07-04,1.371415,1.0514406,-0.31541988,0.78379005,0.6214677,0.1553413,0.8147675,0.65220016,0.073396534,0.83049196,0.656476,0.32084462,26.94712,10.914058,-0.01572448,-0.030977428
2022-07-05,1.7258012,1.306787,0.061288618,1.5752838,1.1078731,0.6454702,1.5239694,1.0658715,0.5090721,1.53816,1.0757875,0.65699935,25.407639,15.825203,-0.014190555,0.051314354
2022-07-06,1.4389352,1.0877131,-0.3625047,0.8861853,0.7056862,0.1328558,0.78575236,0.61351216,0.029876899,0.7952186,0.6254647,0.1537483,26.344652,17.246437,-0.009466231,0.10043293
2022-07-07,1.4487665,1.1028818,-0.4804914,1.1430118,0.86973476,0.11376383,1.14357,0.85885024,-0.017199196,1.073107,0.78601855,0.18927851,26.528923,15.0741205,0.07046294,-0.0005581379
2022-07-08,1.46352,1.1356616,-0.46862635,0.8263268,0.63292885,0.015142642,0.84124064,0.6406186,-0.13065425,0.80881304,0.6283474,0.20950626,27.503117,16.024761,0.03242761,-0.014913857
2022-07-09,1.5189219,1.1776901,0.060539346,1.6196176,1.2192286,0.6434337,1.5794854,1.1848142,0.4731,1.6402476,1.1884854,0.5884428,24.430658,12.728456,-0.060762167,0.040132165
2022-07-10,1.2777358,0.9495231,-0.17595676,0.9416288,0.71133816,0.41891617,0.9132505,0.6971341,0.25535497,0.98632514,0.74888855,0.5270524,25.984766,10.635681,-0.07307464,0.028378308
2022-07-11,1.4369986,1.1130393,0.16533749,0.85594046,0.68374485,0.4116886,0.82736397,0.6608469,0.3185553,0.977025,0.8124944,0.65851396,28.319164,13.025557,-0.149661,0.028576493
2022-07-12,1.6145666,1.2934226,-0.1491425,1.0372691,0.8316,0.052231006,1.101593,0.88434505,-0.0005691262,1.1261044,0.8689748,0.35139176,29.302942,17.143711,-0.024511337,-0.0643239
2022-07-13,1.6237664,1.2167366,-0.6137725,0.8923221,0.6841005,-0.20782992,0.969953,0.7370171,-0.3625543,0.8251353,0.63673574,-0.084677435,28.480705,15.835227,0.14481771,-0.07763088
2022-07-14,1.810975,1.3325276,-0.5451147,1.3676165,0.9876216,-0.055609614,1.2037954,0.9074424,-0.17461678,1.1924689,0.9119014,0.2043454,26.843649,15.283351,0.011326551,0.1638211
2022-07-15,1.4542744,1.1186966,-0.37982306,0.776411,0.6152995,0.05197322,0.749508,0.58780724,-0.069225095,0.75614053,0.6023751,0.22512822,27.787157,12.711587,-0.006632507,0.026902974
2022-07-16,1.6024361,1.25264,-0.72230184,1.0525591,0.8270633,-0.27296737,1.0753398,0.8449559,-0.34929252,1.0031503,0.8079533,-0.0831989,28.075624,14.799602,0.07218945,-0.022780657
2022-07-17,1.6348265,1.2077799,-0.15295736,0.9702376,0.7599731,0.04748687,0.98409516,0.76928884,0.013566857,1.0232495,0.7825802,0.2746005,29.146465,17.047743,-0.03915435,-0.0138575435
2022-07-18,1.5850022,1.2371978,-0.42011735,1.0151904,0.78263235,0.11277839,1.0817364,0.8425614,0.081339225,1.2244223,0.94364786,0.5681188,27.383678,19.961256,-0.14268589,-0.06654608
2022-07-19,1.4260348,1.0091271,-0.2544031,0.9021401,0.71865773,-0.25005004,0.9097718,0.7223019,-0.22070521,0.89171404,0.70968115,0.2073625,30.233936,18.992752,0.018057764,-0.007631719
2022-07-20,1.7603722,1.2948618,-0.6032482,1.2954373,1.077732,-0.8623662,1.2519726,1.0139055,-0.83804756,1.03305,0.8343933,-0.49329886,32.079704,18.817318,0.21892262,0.04346478
2022-07-21,1.5719697,1.1986922,-0.40489507,1.1303463,0.9306008,-0.529061,1.0548563,0.8526788,-0.48012316,0.9116313,0.7277695,-0.14817795,31.27241,19.834824,0.14322501,0.07549
2022-07-22,1.6265571,1.1830093,-0.7014663,1.1229715,0.92390937,-0.79502565,1.1716977,0.956048,-0.7913071,0.87072855,0.68169445,-0.4191267,31.490053,17.811066,0.30096918,-0.0487262
2022-07-23,1.6345879,1.1690882,-0.49346805,1.2176514,1.0134958,-0.8826651,1.1851941,0.97407085,-0.8076626,0.93981475,0.74702495,-0.4722176,32.650215,17.375368,0.24537939,0.032457232
2022-07-24,1.5456874,1.1555648,-0.14602794,1.0695665,0.86355615,-0.50606877,1.0348662,0.82522374,-0.43454474,0.9083925,0.72047704,-0.08906906,32.349377,18.49077,0.12647372,0.034700274
2022-07-25,1.5113189,1.1677784,0.12219705,1.308761,1.0455942,0.4881097,1.324243,1.0602173,0.36846116,1.3968878,1.1008368,0.7160454,28.165195,19.215254,-0.07264483,-0.015481949
2022-07-26,1.38571,1.0990148,-0.46460307,0.9296038,0.76763195,0.13945642,0.91416466,0.7467995,0.035699025,1.007858,0.8148956,0.44690225,25.37517,14.658693,-0.093693376,0.015439153
2022-07-27,1.394866,1.0750734,-0.43798852,0.8321006,0.6638863,0.06011975,0.8265832,0.6708742,-0.023675138,0.8711953,0.6971874,0.28469104,27.596174,15.906477,-0.04461211,0.0055173635
2022-07-28,1.5424932,1.1648713,-0.5242695,0.8527937,0.67551136,-0.2822835,0.8550765,0.66746956,-0.32747868,0.76795834,0.60729194,-0.01567835,29.428272,18.987621,0.08711815,-0.0022827983
2022-07-29,1.5567675,1.2068108,-0.6986431,0.95789456,0.76997626,-0.22620948,1.0514363,0.84403974,-0.3131879,0.97418636,0.7704767,0.09878839,27.874184,17.655428,0.077249944,-0.09354174
2022-07-30,1.2860913,0.9968893,-0.3761078,0.7911091,0.6333364,0.06644587,0.79408276,0.6338858,-0.008010402,0.7671408,0.59917057,0.21635549,26.847847,14.82427,0.026941955,-0.0029736757
2022-07-31,1.4346104,1.0701731,-0.20538709,0.9026339,0.687938,0.26643643,0.9059356,0.6804181,0.17985502,1.0218688,0.76970553,0.47747904,27.049847,15.638211,-0.11593324,-0.00330168
2022-08-01,1.362086,0.9958523,-0.3325609,1.0038031,0.7596315,0.059220288,1.0215635,0.7887507,0.025589904,1.0610796,0.77909833,0.32953006,27.876526,17.521027,-0.03951609,-0.017760396
2022-08-02,1.4208913,1.0435722,-0.3792276,0.95281786,0.75943446,-0.11172776,0.9562865,0.771588,-0.21900897,0.8540259,0.6830202,0.16151443,29.1012,18.46508,0.10226059,-0.0034686327
2022-08-03,1.3833644,1.0203538,-0.1946634,0.79918987,0.623233,-0.12094069,0.7911276,0.61860144,-0.1509498,0.7274942,0.5615528,0.14228879,29.83424,15.892686,0.06363344,0.008062243
2022-08-04,1.7253335,1.2657248,-0.062023,1.3435887,1.1016208,-0.26187795,1.2660295,1.0333449,-0.24804696,1.197621,0.9534198,0.08430697,31.539204,19.29132,0.06840849,0.07755923
2022-08-05,1.9112487,1.5040089,-0.7277864,1.1659693,0.9544501,-0.53618455,1.2116654,0.9948032,-0.63656044,1.0820367,0.8768173,-0.26451334,30.153255,20.391119,0.12962866,-0.04569614
2022-08-06,1.5390316,1.1439592,-0.14817996,1.0254787,0.83667153,-0.26932916,0.9905361,0.8021084,-0.2308299,0.9463909,0.7533933,0.13833627,30.680027,20.113964,0.044145167,0.034942627
2022-08-07,1.5173459,1.1710206,-0.34475338,1.0790241,0.8906723,-0.518875,1.0858746,0.8864905,-0.4758452,0.8672234,0.6962524,-0.15661542,31.288198,21.173744,0.21865118,-0.006850481
2022-08-08,1.8706481,1.3259757,-0.018880399,1.9619906,1.3961183,-0.014875984,2.154564,1.52468,-0.054266706,2.1020265,1.3862247,0.2458143,29.73359,20.46258,0.05253744,-0.19257331
2022-08-09,1.7165688,1.2969353,0.044118006,1.6679755,1.2589124,0.3907508,1.7235136,1.3484001,0.25537944,1.6308659,1.2288944,0.5065252,27.728384,19.621447,0.09264767,-0.05553806
2022-08-10,1.3122461,1.0462028,-0.3319484,1.0496761,0.8308529,0.173214,0.93539846,0.72555864,0.18553184,1.0571911,0.8038453,0.5212172,26.260336,17.02795,-0.121792674,0.1142776
2022-08-11,1.40316,1.1110095,0.062056705,1.062009,0.84885174,0.5422259,1.0278986,0.81812066,0.46969295,1.1886594,0.9522016,0.7680344,26.729109,15.842475,-0.16076088,0.034110427
2022-08-12,1.1992784,0.9224693,-0.121273175,0.9373138,0.7595703,0.41034806,0.8535221,0.66606474,0.32290462,0.8257635,0.6428318,0.20248522,24.552824,11.47835,0.027758598,0.08379167
2022-08-13,1.1301914,0.8798513,-0.23963544,0.835651,0.6694994,0.31290215,0.7796097,0.6178001,0.2618154,0.8200918,0.6560771,0.29357094,24.783806,9.837657,-0.040482104,0.0560413
2022-08-14,1.5553027,1.2123653,-0.36475325,0.9755708,0.75849366,0.16349845,0.9159348,0.6962596,0.070416555,1.020251,0.7677129,0.29266813,26.104925,11.401467,-0.104316235,0.059635997
2022-08-15,1.7355407,1.3410592,-0.023076577,1.6328948,1.1552829,0.5248773,1.6311164,1.1509514,0.46076837,1.7321709,1.1914155,0.67564374,25.103336,13.15329,-0.10105455,0.0017783642
2022-08-16,1.539117,1.1835456,-0.43224818,1.1412109,0.78460073,0.13024436,1.1559832,0.8070873,0.025933968,1.1397599,0.7805745,0.25125432,26.244759,13.590088,0.016223311,-0.014772296
2022-08-17,1.4369639,1.1393194,-0.36415365,1.0829673,0.84971976,0.29925662,1.1481236,0.868282,0.23613381,1.1865181,0.89863014,0.40905795,24.31289,14.235033,-0.03839445,-0.06515634
2022-08-18,1.3803896,1.063959,-0.5799731,0.93094844,0.7183074,0.0064054923,0.8976311,0.69479,-0.072199345,0.88947505,0.68834156,0.0016083565,25.24987,14.394479,0.008156061,0.033317327
2022-08-19,1.4686545,1.0918208,-0.3208864,0.8640226,0.68804014,-0.026882574,0.9506166,0.7703481,-0.14067642,0.97990584,0.78267026,0.2453796,28.623293,14.9279785,-0.029289246,-0.086593986
2022-08-20,1.6519991,1.2023239,-0.3798072,0.94258773,0.7492799,-0.35162973,0.93289477,0.74788463,-0.39551866,0.8576134,0.6789357,-0.084346965,30.131386,16.070358,0.07528138,0.009692967
2022-08-21,1.745784,1.3169363,-0.7431442,1.1278855,0.9115632,-0.28264067,1.1551766,0.9353332,-0.38273972,1.0070794,0.7854505,-0.070077956,27.72089,17.633038,0.14809728,-0.027291179
2022-08-22,1.6878031,1.3432605,-0.88175905,1.0379449,0.8367618,-0.24425589,1.0852666,0.87354314,-0.30080155,1.0070825,0.8048447,0.05612749,25.673853,18.63122,0.07818413,-0.047321677
2022-08-23,1.60858,1.2981011,-0.49361098,1.1080897,0.8930639,0.12441168,1.0358527,0.827012,0.033786204,1.0955304,0.90180737,0.48036662,25.825878,18.124062,-0.05967772,0.072237015
2022-08-24,1.316368,1.0151149,-0.34537727,0.741713,0.59625715,0.060325623,0.7613892,0.610275,0.0038129725,0.77423006,0.6276606,0.25545338,27.617558,16.817274,-0.012840867,-0.019676208
2022-08-25,1.548422,1.1958085,-0.58790666,0.91014093,0.7316488,-0.23834889,0.9809052,0.7859132,-0.34157413,0.87306774,0.7037556,-0.05744047,28.362852,16.334314,0.10783744,-0.07076424
2022-08-26,1.709544,1.382691,0.032788467,1.2553338,0.9565008,0.4547689,1.3633829,1.0054423,0.3796133,1.4956768,1.1044165,0.7913089,26.971395,17.504349,-0.13229382,-0.108049154
2022-08-27,1.4585173,1.1570656,-0.5364417,0.8854728,0.72313136,-0.021138296,0.8116766,0.6449087,-0.130015,0.81034595,0.6541838,0.07180467,26.348785,16.215279,0.0013306737,0.07379615
2022-08-28,1.3545094,1.0243028,-0.2505038,0.7828945,0.61065227,0.114926666,0.77724355,0.6031443,0.07337477,0.8619728,0.6768702,0.4957822,28.00863,16.243095,-0.084729254,0.0056509376
2022-08-29,1.4307644,1.0901123,-0.33358228,0.88819563,0.7206668,-0.27855572,0.8652249,0.70243067,-0.27113408,0.73588437,0.58751094,0.08420189,30.16508,19.209991,0.12934053,0.022970736
2022-08-30,1.455461,1.0968928,-0.043657944,1.1506162,0.8911998,0.16290367,1.1258868,0.8691615,0.20535661,1.2312177,0.9143848,0.5941965,28.97663,20.022907,-0.105330944,0.024729371
2022-08-31,1.223436,0.94682246,0.0603779,0.95254403,0.7738993,0.61722165,0.89013404,0.7241223,0.54504246,0.99445647,0.812459,0.7208238,25.192904,15.074778,-0.10432243,0.062409997
2023-06-01,2.1830108,1.4645022,-0.5298799,1.4159653,1.0804919,-0.54979074,1.4993637,1.1040052,-0.58312565,1.3924752,1.0662293,-0.2872123,30.404001,10.530372,0.10688841,-0.08339834
2023-06-02,2.2425222,1.6068087,-0.6903851,1.3075554,1.0220052,-0.63811386,1.3184543,1.0053304,-0.6172563,1.188555,0.9137542,-0.19918944,30.6473,12.8101845,0.12989926,-0.0108988285
2023-06-03,2.0947032,1.5886694,0.91016036,2.4926262,1.8999023,1.7774739,2.454516,1.8135368,1.5529381,2.564486,1.98844,1.8892974,20.602446,10.902558,-0.10997009,0.038110256
2023-06-04,1.1833911,0.9498862,-0.3686858,1.1621087,0.90401906,0.58439237,1.1022842,0.8732928,0.41901863,1.0223382,0.79113674,0.33962828,18.137812,6.5276194,0.07994604,0.059824467
2023-06-05,1.3288358,1.0560764,-0.35267246,0.9638802,0.79134274,0.48257715,0.87121695,0.6919133,0.35161713,0.88388205,0.7245996,0.44762263,20.714354,7.0565453,-0.012665093,0.09266323
2023-06-06,1.5176264,1.1944484,-0.265921,1.1559242,0.8988609,0.44651663,1.1913598,0.9363438,0.36707318,1.1499939,0.914738,0.34934428,21.498413,8.137902,0.041365862,-0.035435557
2023-06-07,1.41433,1.1292479,-0.37966767,1.0739988,0.85881954,0.36845884,1.025199,0.8321698,0.32174623,0.98097783,0.7827298,0.12934257,18.711374,6.820947,0.044221222,0.048799753
2023-06-08,1.4731886,1.1700113,-0.64110166,1.1108857,0.88689977,0.11611147,0.9807997,0.7935938,0.07224129,0.9802008,0.78991073,-0.10013999,18.16688,7.911402,0.00059884787,0.13008606
2023-06-09,1.4627006,1.1675088,-0.60227704,1.0123545,0.81841487,0.07882381,0.92194515,0.7358097,0.06865735,0.9719048,0.777481,-0.02363758,19.020618,9.164292,-0.04995966,0.09040934
2023-06-10,1.6101911,1.2622409,-0.8112976,0.96666634,0.77137786,-0.12763615,0.91193545,0.72959214,-0.17778696,0.9509995,0.7593073,-0.23576489,23.336517,9.902665,-0.03906405,0.054730892
2023-06-11,1.9526572,1.4825267,-1.0567793,1.1486027,0.9286953,-0.45254743,1.1603715,0.94424844,-0.5237334,0.9961866,0.7859438,-0.08285205,27.06203,11.47011,0.16418493,-0.011768818
2023-06-12,1.9028268,1.4217372,-0.16896977,1.351601,1.0331477,0.45305166,1.3461524,1.0146593,0.37538603,1.4279007,1.0865115,0.7479057,24.233727,15.031146,-0.08174825,0.00544858
2023-06-13,1.5576731,1.1783997,-0.5152283,1.176614,0.94421226,0.057084914,1.1059418,0.86041296,0.03560295,1.0791198,0.8345876,0.064430594,22.142376,12.032498,0.026821971,0.07067227
2023-06-14,1.6882604,1.350078,-0.8626507,1.1612681,0.9378404,-0.27789867,1.1124862,0.8948591,-0.25341785,0.99902767,0.808976,0.07786893,21.27956,12.496212,0.113458574,0.04878187
2023-06-15,1.7684256,1.4191016,-0.83936065,1.2851398,0.977215,-0.2381467,1.1109126,0.8615443,-0.26118848,1.0655054,0.8186541,-0.1201562,23.814396,12.117158,0.045407176,0.17422724
2023-06-16,2.001876,1.5848231,-0.69957215,1.5816859,1.3128403,-0.17708272,1.5440028,1.2538053,-0.14713916,1.4599401,1.1819569,0.2005611,22.366344,13.6517935,0.084062696,0.03768313
2023-06-17,1.1972692,0.9252104,-0.030548463,1.085551,0.87720084,0.69369334,1.0575553,0.8558865,0.63252515,0.9218877,0.7280997,0.431635,20.968496,12.297593,0.13566762,0.027995706
2023-06-18,1.4851166,1.183739,-0.50768375,1.0810232,0.8125855,0.2488843,1.0042375,0.75087655,0.13813367,1.0235323,0.7773681,-0.029102711,22.496416,11.186203,-0.019294739,0.07678568
2023-06-19,1.66776,1.335145,-0.7341725,1.0043814,0.7974922,-0.048031148,0.88676375,0.6916827,-0.15999816,0.9397297,0.73609686,-0.047875818,24.905153,12.922059,-0.05296594,0.11761767
2023-06-20,1.3971086,1.0846525,-0.58841914,1.0602353,0.8472339,0.11845788,0.9583277,0.7724656,0.029153282,1.0174606,0.8048301,0.33640614,24.16324,14.424204,-0.059132874,0.10190755
2023-06-21,2.000793,1.5467361,-0.12377298,1.8758521,1.3819016,0.52491295,1.9719949,1.452869,0.5396963,1.9707776,1.4262413,0.86171716,22.856884,12.911176,0.001217246,-0.09614277
2023-06-22,1.5774951,1.1194799,-0.4611269,1.2437959,0.99229205,0.108532265,1.336361,1.0827947,0.19588342,1.3780061,1.1353219,0.58654046,22.805029,13.094679,-0.04164505,-0.09256518
2023-06-23,1.7991177,1.3633204,-0.891749,1.2613935,1.0388741,-0.32670966,1.2798421,1.0349046,-0.34877077,1.318473,1.0691433,0.15377223,25.148142,16.281265,-0.038630843,-0.018448591
2023-06-24,1.5569729,1.1662667,-0.679075,0.9349697,0.73016155,-0.01195842,0.90990496,0.71102613,-0.1065668,1.0013257,0.7929677,0.4263346,25.527575,18.854252,-0.09142077,0.025064766
2023-06-25,1.8727201,1.403488,-1.1249012,1.0898358,0.8719131,-0.58103234,1.1352658,0.9084194,-0.6937985,0.9215967,0.7288745,-0.31170616,28.109413,18.73506,0.21366912,-0.045430064
2023-06-26,1.8335959,1.4746333,-0.53564495,1.4298275,1.1563396,0.12192695,1.508647,1.2269435,0.14009784,1.600016,1.2944883,0.72652626,25.835913,18.492588,-0.09136903,-0.07881951
2023-06-27,1.5955527,1.2722765,-0.8560918,1.1129851,0.88437647,-0.17427231,0.96217394,0.77955794,-0.16453296,1.0145955,0.8188467,0.4481317,24.539972,17.700073,-0.05242157,0.1508112
2023-06-28,1.4242883,1.1408525,-0.42471582,1.0709945,0.8564911,0.152601,1.0830895,0.8350011,0.1359408,1.213944,0.95858306,0.46711174,23.245625,16.634714,-0.13085449,-0.0120949745
2023-06-29,1.436424,1.1397088,-0.55367273,0.985602,0.7945137,0.0916973,0.8960809,0.7214397,-0.01756293,0.9067458,0.72290397,0.113739006,25.48697,15.272417,-0.01066488,0.08952111
2023-06-30,1.792698,1.4015733,-0.5771737,1.1858823,0.964443,-0.0069477167,1.0711502,0.84485644,-0.13397956,1.0488828,0.834523,0.16792315,27.295254,16.518703,0.022267342,0.114732146
2023-07-01,1.6969243,1.2998163,-0.534566,1.0960141,0.8790588,0.043111406,1.0297657,0.816631,-0.08759311,1.0502315,0.83517134,0.2595225,27.286488,18.268711,-0.020465732,0.06624842
2023-07-02,1.4200376,1.0761425,-0.3028346,1.1511945,0.921619,0.3346841,1.1611284,0.9224297,0.2579434,1.3041017,1.0252107,0.58201116,25.469847,19.378103,-0.1429733,-0.0099339485
2023-07-03,1.6473266,1.2731131,-0.64022315,1.032663,0.82354873,-0.027173793,1.0822307,0.87876815,-0.10916391,1.1194193,0.9058389,0.38228315,27.426329,19.489723,-0.03718865,-0.0495677
2023-07-04,1.8003498,1.4274118,-1.2302247,1.2091866,0.98948777,-0.78129435,1.2244731,0.9920102,-0.8160221,1.008824,0.8125116,-0.4055879,28.61927,19.631565,0.21564913,-0.015286565
2023-07-05,1.9129204,1.4927946,-1.2040496,1.5419928,1.2726995,-1.1145251,1.5025513,1.2444572,-1.1247497,1.2474488,0.9956292,-0.8226921,31.029936,19.306557,0.25510252,0.039441466
2023-07-06,1.7826536,1.310733,-0.90660006,1.4517034,1.2417766,-1.0269028,1.37224,1.1563294,-0.9436058,1.0609714,0.866025,-0.5884132,31.616442,19.742023,0.31126857,0.07946348
2023-07-07,1.7206689,1.342486,-0.9595753,1.4222797,1.1324923,-0.65196186,1.406495,1.1142461,-0.72920865,1.1589642,0.9270698,-0.43346587,29.521591,20.290216,0.24753082,0.01578474
2023-07-08,1.6398258,1.2571138,-0.74093497,1.1495928,0.9172297,-0.36458904,1.0778606,0.8689896,-0.4486172,0.94166505,0.7655257,-0.091321886,28.80284,18.936588,0.13619554,0.07173216
2023-07-09,1.7478106,1.3610353,-0.6018708,1.2741339,0.9652457,0.10105245,1.2601457,0.9491416,-0.004873284,1.294149,0.9610026,0.49039018,26.0955,19.375217,-0.034003377,0.013988256
2023-07-10,1.3497233,1.0628555,-0.49013588,1.146887,0.9269069,0.05280687,1.1025724,0.88738465,0.0053081573,1.1463712,0.9263689,0.10040329,25.020002,17.943165,-0.043798804,0.044314504
2023-07-11,1.3451508,1.0061735,-0.17530848,0.79158616,0.60500735,0.112015,0.7921263,0.6161388,0.07409132,0.87853235,0.66852945,0.44049022,28.64691,16.440481,-0.08640605,-0.0005401373
2023-07-12,1.6850293,1.2718614,-0.7217179,1.0077492,0.7988237,-0.3364775,1.0282192,0.8266696,-0.45494083,0.8511931,0.66416997,-0.08089421,29.12965,17.33422,0.17702615,-0.020470023
2023-07-13,1.8027142,1.3848225,-0.5959571,1.1223863,0.9015199,-0.36169696,1.0815059,0.8596272,-0.3960946,0.96105933,0.7392737,-0.008430903,29.880056,18.649075,0.12044656,0.04088044
2023-07-14,1.741366,1.3848301,-0.8154586,1.1177095,0.9019182,-0.30692655,1.0509877,0.86061364,-0.38586622,0.95507365,0.7660544,-0.07474568,28.187046,18.781178,0.095914066,0.0667218
2023-07-15,1.6101091,1.2885867,-0.70269036,1.0569763,0.8753175,-0.4196725,1.041313,0.87361175,-0.46714622,0.8994154,0.7263481,-0.08820236,29.435823,19.986134,0.14189768,0.015663266
2023-07-16,1.4719269,1.1731966,-0.6143067,1.1421688,0.9151671,-0.025627974,1.1239154,0.8974853,-0.095333,1.1004322,0.87313616,0.28976285,26.67733,20.807838,0.023483276,0.018253326
2023-07-17,1.3696986,1.0012119,-0.5235612,0.80330104,0.63347644,-0.2348897,0.79535174,0.6274591,-0.29060626,0.69440883,0.54529744,0.023197228,29.025467,19.022425,0.10094291,0.007949293
2023-07-18,1.6529658,1.3489307,-0.8241897,1.0779326,0.8586458,-0.31438717,1.0277056,0.8280595,-0.36041266,0.9045476,0.7184014,0.04867613,27.940714,18.720491,0.12315798,0.050227046
2023-07-19,1.4661124,1.1377254,-0.57395566,1.0128155,0.79197055,-0.05358074,0.99998033,0.78573763,-0.16788502,0.9031048,0.7212288,0.110229075,27.473,17.495932,0.09687555,0.012835145
2023-07-20,1.6695943,1.3342056,-0.84527516,1.0241064,0.7915785,-0.393811,0.97223186,0.77146894,-0.49119556,0.8679347,0.6770225,-0.22096501,28.536991,16.448925,0.10429716,0.05187452
2023-07-21,1.6245519,1.3157259,-0.5954877,1.087555,0.8726936,-0.013524843,1.0146121,0.80157644,-0.1013627,1.0010613,0.8019645,0.17567548,25.99817,17.348404,0.013550758,0.07294297
2023-07-22,1.5651584,1.2452837,-0.73877496,1.108348,0.87292945,-0.1681989,1.0406048,0.82938087,-0.24254811,0.9837705,0.7644298,-0.11697531,26.453861,15.324684,0.05683434,0.06774318
2023-07-23,1.6961097,1.3803118,-0.9928868,0.9937208,0.79176736,-0.53926015,1.0219231,0.8198198,-0.63532984,0.76042926,0.5948784,-0.22241911,28.390354,15.215447,0.2614938,-0.028202236
2023-07-24,1.6369874,1.2942165,-0.6666028,1.0685544,0.86642087,-0.23690133,1.0789515,0.87780535,-0.33468977,0.9626323,0.7738829,0.07092799,28.49127,16.68335,0.11631918,-0.010397077
2023-07-25,1.6676873,1.3461,-0.94499135,1.0459721,0.84935355,-0.40340817,1.0494088,0.8636012,-0.49136627,0.8988651,0.74355644,-0.13050462,27.968254,17.959139,0.15054369,-0.0034366846
2023-07-26,1.5935249,1.2306949,-0.2514924,0.9465651,0.7248252,-0.07743668,0.83815145,0.6477737,-0.08620882,0.87026566,0.6529261,0.3071927,29.531754,17.730156,-0.032114208,0.10841364
2023-07-27,1.6654872,1.3015494,-0.32222807,1.0852185,0.83981603,-0.032254927,1.0634415,0.8385699,-0.030565334,1.1449007,0.8857249,0.47208735,29.050936,20.532831,-0.081459165,0.021777034
2023-07-28,1.7557241,1.3803948,-0.64342713,1.2390305,1.0135251,-0.6938406,1.1226138,0.90367544,-0.64405024,0.9281559,0.74273586,-0.32667595,31.2913,20.322296,0.19445789,0.11641669
2023-07-29,1.8316581,1.4487257,-0.50917476,1.3742934,1.063065,-0.11652896,1.3542321,1.0560092,-0.23015636,1.3251772,0.97176754,0.06632214,28.287191,19.042944,0.02905488,0.020061374
2023-07-30,1.1864672,0.93334484,-0.41792044,0.907783,0.69163525,0.09788157,0.8990001,0.672267,0.09896894,0.9192125,0.6824116,0.26322064,24.971153,12.989841,-0.020212412,0.008782864
2023-07-31,1.4631033,1.1849179,-0.53689563,0.95267826,0.76472056,0.013721793,0.773436,0.62087256,-0.036130536,0.81494004,0.6468895,-0.05472068,24.714907,13.353313,-0.041504025,0.17924225
2023-08-01,1.3441274,1.0701846,-0.21546675,1.169423,0.9444993,0.32797933,0.9494839,0.757682,0.3113122,1.0063889,0.80065125,0.14176206,23.205338,11.198142,-0.05690503,0.21993911
2023-08-02,1.3451512,1.0600374,-0.24568862,1.0796268,0.8898988,0.3525399,0.8462897,0.6784743,0.27249804,0.890252,0.71277964,0.25416386,24.582552,10.995323,-0.0439623,0.2333371
2023-08-03,1.2504095,0.95379645,-0.018533072,1.1024811,0.87215686,0.5545343,1.0064856,0.7923476,0.4854144,1.1335574,0.8880403,0.7521986,25.062292,14.3228445,-0.12707186,0.095995545
2023-08-04,1.529469,1.246006,-0.3351013,1.3130751,1.1084508,0.33940914,1.3933656,1.1599265,0.23172484,1.359765,1.1248558,0.38795757,24.064428,17.108519,0.03360057,-0.080290556
2023-08-05,1.3731956,1.0695202,-0.30387068,0.8638454,0.71625084,0.24362981,0.7910477,0.63575643,0.12772427,0.84185654,0.68792444,0.287836,26.048151,16.172092,-0.050808847,0.072797716
2023-08-06,1.6996905,1.2731639,-0.022476327,1.0962838,0.8639733,0.35504502,0.9066168,0.7143619,0.27489823,1.1296405,0.89746815,0.58347124,27.43113,15.503293,-0.22302365,0.18966699
2023-08-07,1.3120776,1.0100609,-0.23864157,1.0287201,0.82843995,0.27401847,0.95490766,0.74739367,0.22502072,1.1556584,0.9640498,0.53575826,25.886879,18.524153,-0.20075071,0.073812485
2023-08-08,1.2945565,0.99078256,0.3224433,1.3559614,1.0646611,0.922872,1.4336879,1.128224,0.8818965,1.7466232,1.4479661,1.3232561,23.991861,17.295225,-0.31293523,-0.07772648
2023-08-09,1.1566443,0.87567705,-0.18667418,0.8077672,0.6409725,0.3038691,0.7510319,0.59088784,0.25304583,0.7780151,0.6213423,0.42048678,26.318153,15.722374,-0.026983202,0.056735337
2023-08-10,1.6466461,1.2862576,-0.19715856,1.3431374,1.11358,0.43825167,1.3154925,1.0701038,0.32118958,1.3608698,1.0905573,0.73050785,25.109118,17.271017,-0.045377254,0.027644873
2023-08-11,1.2739837,0.97595406,-0.25867596,0.9100729,0.72557044,0.25211418,0.7874632,0.6140693,0.20133568,0.84121,0.67066747,0.30966765,25.436056,15.541843,-0.05374682,0.122609735
2023-08-12,1.521191,1.1861115,-0.5321401,0.86929804,0.7020627,-0.051075786,0.7800894,0.6191287,-0.1291282,0.78587633,0.61928195,0.16467462,27.41796,16.693035,-0.0057869554,0.08920866
2023-08-13,1.5007994,1.1499279,-0.51104385,0.93222874,0.73949367,-0.02531364,0.8879799,0.6956564,-0.09191216,0.88861793,0.7211744,0.16947405,27.214153,17.921167,-0.0006380081,0.04424882
2023-08-14,1.3404053,1.0071046,-0.3076886,0.9039737,0.71292865,0.22882494,0.8292533,0.6450177,0.18131004,1.0194603,0.82337254,0.63009495,26.668682,17.29363,-0.190207,0.07472038
2023-08-15,1.6128482,1.3051125,-0.18915814,1.3987875,1.1548737,0.34716207,1.5710268,1.2796565,0.35969645,1.8598425,1.4315113,1.0008433,25.20711,18.277382,-0.28881574,-0.1722393
2023-08-16,1.3886876,1.1273081,-0.5398179,0.9646839,0.76242954,0.098924,0.90115273,0.6833421,0.031017883,1.0476177,0.7885017,0.34001842,25.26215,17.461197,-0.14646494,0.06353116
2023-08-17,1.2070048,0.9223612,-0.18679753,0.8941844,0.72252244,0.37704945,0.8251512,0.64494395,0.3449622,1.0410581,0.8391622,0.68456566,25.830622,17.849417,-0.21590686,0.069033206
2023-08-18,1.2064116,0.92402446,-0.12572026,0.97017473,0.79796183,0.38052833,1.0485709,0.8639696,0.41768292,1.1144998,0.930846,0.6323394,23.712643,15.586275,-0.065928936,-0.07839614
2023-08-19,1.3201768,1.0618464,-0.43723375,1.1282215,0.9321116,0.11020822,0.9470036,0.7690843,0.09882426,1.030261,0.819028,-0.08233244,23.221252,11.955264,-0.08325744,0.18121791
2023-08-20,1.4845053,1.2015557,-0.41358525,0.9266168,0.73861116,0.09839551,0.86358017,0.68225104,0.0035225532,0.8846536,0.70329493,0.30288994,27.32767,14.522449,-0.02107346,0.06303662
2023-08-21,1.6124419,1.2852628,-0.30333257,1.047805,0.84254843,0.10135799,1.0283273,0.81246406,0.002402071,1.0583284,0.86691415,0.35186493,27.251728,17.199007,-0.030001044,0.019477606
2023-08-22,1.262292,1.0029819,-0.19297658,1.067947,0.875784,0.39058265,0.91294384,0.74136704,0.3277619,1.0154976,0.83141875,0.44346347,24.518501,12.283962,-0.102553725,0.15500319
2023-08-23,1.2877495,1.0070552,-0.3207355,1.0655744,0.792515,0.2872698,0.9443835,0.709133,0.27263758,1.1188605,0.85881364,0.6478357,24.20367,11.646117,-0.17447698,0.121190906
2023-08-24,1.7477658,1.329976,-0.21063107,1.3226211,1.0092555,0.3517808,1.2539617,1.0080069,0.33130953,1.4649495,1.1638803,0.7431696,23.96762,14.920859,-0.2109878,0.068659425
2023-08-25,1.2177997,0.93392706,-0.052481856,1.1039591,0.8857479,0.58063656,1.1430335,0.91876465,0.5441705,1.1626307,0.942776,0.7066215,24.680376,18.496965,-0.019597173,-0.03907442
2023-08-26,1.4871725,1.1565025,-0.062395133,0.9274988,0.75616014,0.40193895,0.8409422,0.6693286,0.34003738,0.9758991,0.8000718,0.5656847,26.53597,18.259306,-0.1349569,0.08655661
2023-08-27,1.3393563,1.0653046,-0.437887,0.9440479,0.76067674,0.17529453,0.88699275,0.7122395,0.14006086,1.0456812,0.8584393,0.53606516,24.821688,15.868653,-0.15868849,0.057055175
2023-08-28,1.4673184,1.1821337,-0.37503767,1.2604077,1.0444317,0.32115644,1.0657395,0.87266535,0.17345281,1.1208854,0.8863475,0.4107225,24.113756,16.138477,-0.05514586,0.19466817
2023-08-29,1.3594017,1.091377,-0.25219503,1.0003618,0.8057353,0.46756634,0.89796174,0.7267745,0.34273785,0.98657274,0.8096112,0.60812837,24.895876,18.074581,-0.08861101,0.102400064
2023-08-30,1.3083868,1.0567074,-0.23689684,0.9933582,0.7884269,0.28605494,0.9395401,0.7290926,0.32354861,1.0070071,0.77602226,0.51381457,24.093027,16.924597,-0.067467034,0.053818107
2023-08-31,1.0333544,0.80838764,0.014423196,1.1375074,0.86807364,0.5997936,0.97632706,0.73752296,0.5814362,0.95400375,0.6908623,0.36720717,22.01427,9.942791,0.02232331,0.16118038
2024-06-01,1.6072981,1.2598357,-0.9931272,0.8025479,0.63723654,-0.30329427,0.7962212,0.63968873,-0.43949968,0.70498115,0.5556375,-0.14610074,25.903303,7.0822515,0.09124005,0.0063266754
2024-06-02,1.8279332,1.3780674,-0.931046,0.98954064,0.7992248,-0.37997276,1.0144448,0.81163114,-0.44046947,0.88106775,0.6870718,0.022943718,26.026667,10.772913,0.13337708,-0.024904191
2024-06-03,1.8089671,1.4234452,-1.0506687,1.004998,0.80277914,-0.45167458,1.0811652,0.88698137,-0.5823089,0.90960455,0.7216598,-0.22143397,27.439539,13.83729,0.17156065,-0.076167226
2024-06-04,1.7476889,1.3792088,-1.0772837,1.0615333,0.8605115,-0.54276186,1.1013387,0.89962196,-0.66269696,0.90951043,0.7203358,-0.3769692,28.047289,14.687915,0.19182831,-0.039805412
2024-06-05,1.6840668,1.2279004,-0.5360954,1.1943498,0.9226536,0.0325932,1.19393,0.9047845,-0.119473554,1.2172966,0.9359106,0.111544125,27.191246,16.892797,-0.02336657,0.0004197359
2024-06-06,1.574366,1.2191541,-0.54585856,1.1236281,0.89473987,0.1166455,1.102981,0.87344265,0.029173376,1.1982461,0.95011574,0.5268179,26.123047,17.915512,-0.09526515,0.020647168
2024-06-07,1.9310524,1.5084382,-1.2428801,1.2712837,0.9718015,-0.6469296,1.3578438,1.06413,-0.6605071,1.1335748,0.87479943,-0.1873481,23.908243,13.515298,0.22426891,-0.08656001
2024-06-08,1.5281806,1.1784761,-0.82290924,1.0078009,0.74847823,-0.24347031,0.94029653,0.71359354,-0.21737851,1.000418,0.7552353,-0.3178165,22.889696,11.391316,-0.060121417,0.067504406
2024-06-09,1.5114152,1.2593997,-1.0322016,0.9359814,0.7555966,-0.48226774,0.9235921,0.7152707,-0.39590406,0.9323456,0.7403805,-0.45787925,21.681717,11.80932,-0.008753538,0.012389302
2024-06-10,1.4471314,1.1632298,-0.8305661,1.0943528,0.9046533,-0.32263532,1.0346907,0.860116,-0.25828335,1.0430416,0.8608436,-0.39472944,20.496782,10.505225,-0.008350849,0.059662104
2024-06-11,1.4453737,1.1438165,-0.86255205,1.1510762,0.95522165,-0.4092439,1.0660855,0.8784953,-0.28947687,1.1483496,0.9484823,-0.36670753,20.282366,11.113079,-0.082264185,0.08499074
2024-06-12,1.5291718,1.1977382,-0.7807779,1.0877014,0.8475833,-0.18558282,1.0354632,0.8127,-0.22495137,1.0725538,0.8389974,-0.102086045,23.60406,11.94456,-0.03709054,0.052238226
2024-06-13,1.547034,1.1744604,-0.6686813,0.766731,0.5963581,-0.21517746,0.7460645,0.5822601,-0.28108653,0.6441885,0.4879398,0.043625616,28.16035,13.748644,0.10187596,0.02066654
2024-06-14,1.7829089,1.3984973,-0.8842371,1.0898703,0.8661556,-0.22272037,1.0211805,0.80787957,-0.2918846,0.9957284,0.7788058,0.15753636,26.664225,15.862541,0.025452137,0.06868982
2024-06-15,1.3880779,1.1066153,-0.6829413,0.9127283,0.7227418,-0.12187153,0.7978615,0.634009,-0.1429226,0.9049613,0.72615355,-0.41492516,23.655584,10.587983,-0.10709977,0.11486679
2024-06-16,1.5279218,1.2124918,-0.8212509,0.88892955,0.71735716,-0.20261918,0.8706777,0.68621796,-0.28253195,0.8263872,0.66128844,-0.17974664,25.418516,9.556783,0.044290483,0.018251836
2024-06-17,1.6204773,1.3004124,-0.68515027,1.232807,0.9915722,-0.42720172,1.2253985,0.9438421,-0.40084794,1.0255929,0.81594473,-0.038777065,28.725542,15.795152,0.19980562,0.0074084997
2024-06-18,1.7554302,1.2358197,-0.63393664,1.3405597,1.1190026,-0.8198669,1.2464069,1.0211304,-0.74207634,1.0023749,0.79512894,-0.45082402,31.725668,19.266462,0.24403203,0.09415281
2024-06-19,1.8046604,1.2551734,-0.5964711,1.3067157,1.0925533,-0.8553119,1.2398485,1.0017685,-0.79430324,1.0259606,0.8044086,-0.5073895,31.97039,19.811264,0.21388793,0.06686723
2024-06-20,1.8049674,1.3034993,-0.774488,1.42743,1.1837025,-0.9602972,1.4058504,1.1613954,-0.93879855,1.1250557,0.9133856,-0.57560825,31.986103,19.542824,0.28079474,0.021579623
2024-06-21,1.5926117,1.2066729,-0.8010759,1.2682539,1.0225635,-0.58326304,1.2801559,1.0325656,-0.5848878,1.0653639,0.85201484,-0.24708053,29.77464,18.339136,0.21479201,-0.011901975
2024-06-22,1.6682181,1.2785203,-0.7117844,1.5908452,1.3082681,-0.43250924,1.5826328,1.3196653,-0.41171312,1.3928237,1.1125069,-0.073331475,28.616005,18.609983,0.18980908,0.008212447
2024-06-23,1.4361469,1.1011413,-0.2816881,1.1392483,0.8700359,0.025912898,1.105783,0.8481455,0.058034737,1.1763368,0.90404516,0.4679094,28.263067,19.27565,-0.07055378,0.033465266
2024-06-24,1.3392822,1.0171101,-0.3612264,1.1207995,0.8816174,0.19978873,1.1392791,0.90610945,0.19299789,1.1946381,0.9447896,0.3806325,25.039656,15.230454,-0.055359006,-0.018479586
2024-06-25,1.4973301,1.0777694,-0.5734456,0.78641164,0.6139663,-0.26290372,0.7904949,0.6140752,-0.2764334,0.7342016,0.56603163,0.13545455,29.092386,13.337076,0.05629331,-0.004083276
2024-06-26,1.7462772,1.3601038,-0.80517477,1.1454587,0.92850566,-0.50917333,1.0805951,0.8642584,-0.47382456,0.8992367,0.683748,0.006240769,29.942673,16.88899,0.18135846,0.06486356
2024-06-27,1.4646158,1.178139,-0.9416177,1.0172786,0.806869,-0.44640386,1.0472214,0.8437617,-0.4236525,0.9972953,0.8075425,-0.3341591,25.208279,14.697739,0.049926102,-0.02994287
2024-06-28,1.3110455,1.0362179,-0.72637707,0.95314,0.73454916,-0.10176389,0.9262551,0.7068925,-0.17783189,0.90439546,0.6854774,-0.08207658,24.747488,9.777434,0.021859646,0.026884913
2024-06-29,1.9128137,1.5090497,-1.200332,1.3932544,1.0574297,-0.5846172,1.362761,1.070996,-0.6336734,1.236854,0.93588644,-0.40053096,25.87893,16.686892,0.12590706,0.030493379
2024-06-30,1.6745998,1.324838,-0.9042934,1.1837142,0.97428477,-0.4589535,1.202179,0.98422223,-0.5358562,1.0406729,0.83336717,-0.16754052,28.845127,19.634144,0.16150606,-0.018464804
2024-07-01,1.2509428,0.91864735,-0.47105756,0.8415671,0.6565734,0.11677937,0.767812,0.59151274,0.047641575,0.8248423,0.64011735,0.11625641,24.35527,11.816308,-0.05703026,0.073755085
2024-07-02,1.4301918,1.0820452,-0.715135,0.7219994,0.5612033,-0.16339831,0.74835145,0.58078104,-0.27740908,0.6952248,0.53545034,0.0073400144,27.359882,11.766634,0.053126633,-0.026352048
2024-07-03,1.3199024,0.94412905,-0.48106658,0.7339762,0.5704648,-0.11395081,0.79236215,0.60653925,-0.15952678,0.7415287,0.59034884,0.25393444,28.557312,14.477035,0.050833464,-0.05838597
2024-07-04,1.5938853,1.2311113,-0.86069876,1.2183268,0.98069125,-0.5436716,1.2316082,0.9915961,-0.5623818,1.0598687,0.84799725,-0.19810198,29.492048,18.59908,0.17173946,-0.013281345
2024-07-05,1.629221,1.2746283,-0.8048782,1.1760774,0.97231525,-0.57636666,1.1592052,0.95286894,-0.58877265,0.9585845,0.7724755,-0.24659793,30.308949,20.851871,0.20062071,0.016872168
2024-07-06,1.6059068,1.2505199,-0.83545834,1.3389449,1.1032174,-0.63606906,1.2996726,1.0627748,-0.5796782,1.118113,0.8527557,-0.1605885,29.995356,20.683687,0.18155956,0.03927231
2024-07-07,1.7233437,1.3263664,-0.9241933,1.1568322,0.95687675,-0.71887684,1.1218274,0.93135315,-0.7133318,0.90365934,0.7031057,-0.35544813,30.322233,18.355034,0.21816802,0.035004854
2024-07-08,1.8060545,1.3561903,-0.898106,1.2438048,1.054485,-0.8989254,1.1852627,1.004261,-0.87238604,0.91622597,0.73214495,-0.50358087,31.403242,18.435299,0.2690367,0.058542132
2024-07-09,1.698219,1.2762142,-0.7672718,1.2731972,1.0442367,-0.8090002,1.1920571,0.9819707,-0.80029905,0.960522,0.7731083,-0.49733654,31.488564,20.194313,0.23153514,0.08114004
2024-07-10,1.6833369,1.2806251,-0.65724653,1.5885994,1.3325208,-0.6204502,1.551952,1.2705061,-0.6464417,1.316009,1.0495118,-0.3691207,30.939825,21.48834,0.23594296,0.03664744
2024-07-11,1.4126837,1.1177746,-0.7119242,1.100373,0.8874197,-0.20693772,1.1317595,0.88698614,-0.2680555,1.0771836,0.8721007,0.21713775,27.103437,19.192856,0.05457592,-0.031386495
2024-07-12,1.5552089,1.176953,-0.72934,1.1828434,0.95816594,-0.25804132,1.2878165,1.042471,-0.4047056,1.147052,0.92665523,-0.08122595,27.843481,19.479347,0.14076447,-0.10497308
2024-07-13,1.5275029,1.1762319,-0.57820725,1.1008449,0.8887086,-0.42279166,1.1162863,0.89750576,-0.41568062,0.86428344,0.6918206,-0.08151142,30.076622,19.744484,0.25200284,-0.015441418
2024-07-14,1.7956064,1.4048344,-1.0169718,1.4241989,1.1859221,-1.0127469,1.3886832,1.1398352,-0.97990185,1.0811734,0.8772075,-0.6477768,31.532839,18.472223,0.30750978,0.035515666
2024-07-15,1.5999227,1.1866239,-0.6691361,1.2660738,1.051741,-0.8880033,1.1140584,0.91166186,-0.7543687,0.8069141,0.6303991,-0.29176804,32.337227,19.634178,0.30714428,0.15201545
2024-07-16,1.7980273,1.4129773,-0.58542,1.1812321,0.981651,-0.72442776,1.1510161,0.940273,-0.6169354,0.93098885,0.74637425,-0.16666426,32.223724,20.143578,0.22002727,0.030215979
2024-07-17,1.5539818,1.1547798,-0.60035896,1.0882828,0.9054743,-0.36359635,1.091674,0.908553,-0.31113032,0.9770563,0.76309305,0.21985915,30.013865,20.231743,0.114617646,-0.0033911467
2024-07-18,1.4430746,1.1402693,-0.7129689,0.78981775,0.634029,-0.19848938,0.83231634,0.6646898,-0.3079822,0.7298897,0.57508105,-0.10256516,26.84398,16.937996,0.10242665,-0.04249859
2024-07-19,1.4981313,1.2442566,-1.0228484,0.8766706,0.69758844,-0.45696136,0.9033394,0.7254051,-0.56268185,0.7931857,0.62967724,-0.4310475,27.122484,13.761149,0.110153675,-0.026668787
2024-07-20,1.4584755,1.1111646,-0.6962974,0.87863696,0.6804645,-0.14376952,0.89694124,0.676436,-0.28107888,0.78605664,0.6112014,0.035377365,27.410118,15.747337,0.11088461,-0.018304288
2024-07-21,1.4161029,1.1074609,-0.7221975,0.8597765,0.6776044,-0.28556943,0.8686277,0.6607133,-0.2865951,0.7556861,0.57782996,-0.006926194,27.824652,15.567168,0.11294162,-0.00885123
2024-07-22,1.5234091,1.2136922,-0.73544085,0.80490494,0.6379795,-0.15151678,0.88715047,0.69916564,-0.29416636,0.8018006,0.62651247,-0.10529259,27.314863,16.898026,0.08534986,-0.08224553
2024-07-23,1.4424721,1.1670623,-0.87532085,0.9469221,0.74515426,-0.27956307,1.001733,0.78831565,-0.27468204,0.9644612,0.758704,0.19549929,26.307568,18.616287,0.037271738,-0.054810822
2024-07-24,1.2848792,1.0357642,-0.61450756,0.89267147,0.7116627,-0.031401366,1.0135823,0.8163265,-0.03864957,1.0948876,0.8428857,0.48187387,26.220291,19.269926,-0.081305265,-0.12091088
2024-07-25,1.281138,1.0069801,-0.51847905,0.7933668,0.61866754,0.11097105,0.8695666,0.6679676,-0.05027896,0.93575287,0.69080067,0.24204263,25.66961,17.321062,-0.06618625,-0.07619983
2024-07-26,1.3317351,1.0132978,-0.5149786,0.75820714,0.59658563,0.07039054,0.7530242,0.5956643,-0.04618482,0.7730173,0.61091006,0.15903583,26.637644,13.477402,-0.019993067,0.005182922
2024-07-27,1.4822868,1.1402588,-0.59111446,0.77703714,0.61061144,-0.14995259,0.81394655,0.63259256,-0.24135125,0.75161505,0.5882621,0.082889184,28.134571,13.706316,0.062331498,-0.0369094
2024-07-28,1.582473,1.2011331,-0.67528576,0.9385527,0.73329216,-0.40276882,1.0447571,0.7956245,-0.44538027,0.816565,0.6316728,-0.09336201,29.423275,15.03267,0.22819215,-0.10620445
2024-07-29,1.43309,1.1439242,-0.68081707,1.3259699,1.0769986,-0.31921127,1.4165322,1.142029,-0.23788954,1.4409928,1.1506699,0.27990732,28.08512,17.381756,-0.024460673,-0.090562224
2024-07-30,1.3960176,1.0733972,-0.39672744,0.81250316,0.64261705,-0.08895977,0.8633415,0.68347925,-0.13531762,0.8379359,0.6569071,0.26263544,28.83849,19.930725,0.025405586,-0.05083835
2024-07-31,1.2936448,0.97906625,-0.45839798,0.8450703,0.68157464,-0.12534513,0.8538154,0.684586,-0.10453335,0.9073685,0.7280605,0.40690833,28.880028,20.807741,-0.053553104,-0.008745074
2024-08-01,1.4964612,1.0900037,-0.62492335,1.0908868,0.8830635,-0.6549075,1.0581061,0.8326044,-0.6256522,0.8243011,0.6435701,-0.18933049,31.276958,20.543776,0.23380494,0.032780766
2024-08-02,1.5604143,1.1282033,-0.40991148,1.232596,1.002325,-0.2927018,1.1938478,0.95212203,-0.19278315,1.317633,0.98690265,0.43690392,30.461098,20.881872,-0.12378526,0.038748264
2024-08-03,1.5295341,1.14196,-0.59597725,1.0333848,0.82396543,-0.2562429,1.1101952,0.8779811,-0.2243303,1.0142959,0.82103664,0.194153,29.002813,21.153881,0.095899224,-0.07681036
2024-08-04,1.3852457,1.074793,-0.62660474,1.0055574,0.80325603,-0.22150525,1.0126648,0.8214652,-0.26104388,0.91333956,0.7175662,0.11215735,28.438393,20.271467,0.09932524,-0.007107377
2024-08-05,1.3196278,0.96815926,-0.29717356,1.0429182,0.827107,0.01270215,1.0319929,0.8253643,0.014600133,1.007128,0.76452863,0.35993433,28.619432,18.63247,0.024864912,0.010925293
2024-08-06,1.371871,1.0232292,0.04833376,1.6200529,1.2577162,0.52754223,1.71703,1.3607954,0.5564362,1.7646589,1.4137344,0.94245505,25.637545,18.391596,-0.04762888,-0.096977115
2024-08-07,1.4510348,1.1217848,-0.19846499,1.322391,0.99397004,0.4457578,1.2507257,0.9261036,0.42811757,1.7056706,1.3239993,1.0486304,24.18458,16.362673,-0.45494485,0.07166529
2024-08-08,1.5569447,1.1240723,-0.65334994,1.3001341,0.982725,-0.031657178,1.2268431,0.9173931,-0.021577774,1.3989993,1.1272842,0.62240845,23.814932,17.149155,-0.17215621,0.073290944
2024-08-09,1.3564849,1.0162743,-0.2757418,1.2726973,1.0208622,0.35785162,1.0475185,0.8471049,0.24089348,1.2058923,1.0055774,0.66111237,25.429892,20.252634,-0.15837383,0.22517884
2024-08-10,1.2015432,0.85967666,-0.08653629,0.84418434,0.68359506,0.4095386,0.8295006,0.66757226,0.36517945,1.074824,0.8935631,0.79218864,26.701424,17.270596,-0.24532336,0.014683723
2024-08-11,1.1286988,0.8414353,-0.38841304,0.74621236,0.5842279,0.16266572,0.728647,0.56696165,0.12077857,0.7930391,0.6186935,0.29976916,24.73519,13.845277,-0.06439209,0.01756537
2024-08-12,1.1725395,0.88834834,-0.42257407,0.8031385,0.63433176,0.081896126,0.74647987,0.5798477,0.112032935,0.78743327,0.6133698,0.2206073,23.74596,13.604536,-0.040953398,0.056658626
2024-08-13,1.1148169,0.83334774,-0.22939187,0.80627054,0.635931,0.39370608,0.8004559,0.6191145,0.312143,0.89269525,0.7058022,0.45166808,25.470432,14.175606,-0.09223932,0.005814612
2024-08-14,1.2203649,0.9429428,-0.4016105,0.71436566,0.5636294,0.16396321,0.73944914,0.5826721,0.07820482,0.8499142,0.6620089,0.4210197,26.773216,15.06028,-0.11046505,-0.025083482
2024-08-15,1.3470867,1.0330887,-0.46526432,0.952617,0.7207874,0.05075959,0.80370694,0.60783523,0.00040487794,0.8907912,0.67519456,0.34517545,27.02496,15.651525,-0.087084234,0.14891005
2024-08-16,1.3052572,0.9630766,-0.1861277,0.92704654,0.7101599,0.3251084,0.9494003,0.70719695,0.29945695,1.1537802,0.8793224,0.6767005,26.988655,16.619549,-0.20437992,-0.022353768
2024-08-17,1.4116989,1.1323178,-0.37505937,1.2805638,0.9906835,0.26596993,1.3168894,1.0463753,0.1811524,1.428329,1.108215,0.61712563,25.176569,18.29007,-0.111439586,-0.036325574
2024-08-18,1.3012047,1.0364645,-0.26745248,1.0977222,0.8562187,0.40228766,1.2204785,0.9660399,0.35481068,1.5782653,1.2160752,0.88485897,24.557735,18.703005,-0.35778677,-0.12275636
2024-08-19,1.5398704,1.2219374,-0.27259445,1.3677181,0.9880285,0.29474893,1.4879708,1.0746107,0.27161625,1.6897808,1.2017349,0.8417294,23.878647,17.807257,-0.20181,-0.12025273
2024-08-20,1.0340012,0.7869582,-0.019802855,0.9986053,0.7876504,0.43479756,1.0630875,0.8259586,0.6030509,0.9403484,0.72598827,0.3228309,18.738836,11.097577,0.12273908,-0.06448215
2024-08-21,1.1779153,0.9283695,-0.47249192,0.9635359,0.7801083,0.009075024,0.9038819,0.71991277,0.104466744,0.9774456,0.7729287,-0.04523391,19.964808,10.398904,-0.073563695,0.059653997
2024-08-22,1.2265579,0.964504,-0.5105841,0.9255782,0.7256013,0.026236372,0.79700804,0.6173008,0.04995633,0.8693838,0.66808724,-0.10802021,22.067348,11.044688,-0.072375774,0.12857014
2024-08-23,1.0921878,0.82025254,-0.31760576,0.7448539,0.5840155,0.32690382,0.6776837,0.53341156,0.23030394,0.7640963,0.61384666,0.3602841,24.864729,11.98425,-0.08641261,0.0671702
2024-08-24,1.2329651,0.90672785,-0.40909672,0.69177127,0.54548603,0.18989377,0.647782,0.50566715,0.050682522,0.7296755,0.58265364,0.33729792,26.56884,13.474771,-0.081893444,0.04398924
2024-08-25,1.2988513,0.94880044,-0.35004485,0.7659884,0.60281914,0.17500171,0.69437695,0.5450155,0.06426024,0.791789,0.62881917,0.38116062,27.239641,15.198586,-0.09741205,0.071611464
2024-08-26,1.433598,1.0868479,-0.5639714,0.93948716,0.7440762,-0.05330709,0.942941,0.7307166,-0.14191154,0.96467745,0.7538279,0.21939589,27.353096,16.702793,-0.021736443,-0.0034538507
2024-08-27,1.3089771,0.966532,-0.09973079,0.743803,0.58562744,0.2065986,0.6961206,0.5487834,0.24138674,0.9710552,0.8197598,0.73321605,28.709145,17.07162,-0.2749346,0.047682405
2024-08-28,1.7536762,1.3367547,-0.17555708,1.5054245,1.1172357,0.12264636,1.548278,1.1065899,0.1189679,1.5497881,1.093302,0.4874358,28.21768,18.342937,-0.0015101433,-0.042853475
2024-08-29,1.395987,1.0908897,-0.007011756,1.4251055,1.0805532,0.49984095,1.490126,1.1668482,0.44560185,1.5619252,1.1651467,0.7980967,25.192326,15.7989235,-0.07179916,-0.06502056
2024-08-30,1.3187592,1.013761,0.110265486,1.4151013,1.1236151,0.71304953,1.384825,1.1183099,0.6818478,1.7037892,1.368048,1.1875248,23.19083,15.524317,-0.31896424,0.030276299
2024-08-31,1.5497489,1.2457383,0.050501127,1.5018895,1.2046621,0.6897864,1.4826164,1.1885768,0.5958725,1.5320317,1.2461518,0.86481774,23.793846,17.625887,-0.04941523,0.019273043
2025-06-01,1.2201216,0.9385084,-0.47465923,1.0401368,0.82684535,0.26710075,0.96549994,0.79441255,0.29509994,1.0046679,0.8088379,0.1816263,16.31279,5.290945,-0.03916794,0.07463688
2025-06-02,1.4904441,1.1587884,-0.8317276,0.98451346,0.7667409,-0.25738055,0.9003833,0.7058158,-0.19456825,0.98898333,0.768564,-0.34398362,20.723825,5.7519746,-0.08860004,0.08413017
2025-06-03,1.9358561,1.4223515,-1.1656978,1.1926423,0.9360417,-0.45111746,1.1460625,0.880323,-0.5808074,1.0235456,0.7960726,-0.3237642,25.896696,7.8354383,0.12251687,0.046579838
2025-06-04,1.7764227,1.2794555,-1.0286443,1.1951116,0.9731645,-0.6824223,1.2107371,0.9828492,-0.7554697,0.96204406,0.76002645,-0.39894053,29.342777,13.00784,0.24869305,-0.015625477
2025-06-05,2.1398752,1.5879965,-1.2481945,1.7197987,1.4103229,-0.9050064,1.7253968,1.4341037,-1.0374006,1.4707769,1.1854331,-0.7185877,29.674826,16.767029,0.25461984,-0.0055980682
2025-06-06,2.0645123,1.5771607,-1.3068215,1.4143629,1.0920153,-0.61111563,1.5111289,1.1763134,-0.7740677,1.350256,1.0493227,-0.24948959,25.751951,17.505486,0.16087294,-0.096765995
2025-06-07,1.4724746,1.0703423,-0.4561512,0.98789626,0.7473471,0.24877118,1.0588316,0.80012983,0.20090048,1.2574387,0.9642852,0.6484886,23.810532,16.586693,-0.19860709,-0.07093531
2025-06-08,1.6672928,1.2822934,-0.7375536,1.2523538,0.9987166,-0.12298876,1.2116845,0.96112937,-0.10902796,1.2407937,0.9777974,0.11938578,23.125813,13.969518,-0.02910924,0.040669322
2025-06-09,1.4935504,1.1327817,-0.5824545,1.2380514,0.9822327,0.15849675,1.1475397,0.90825707,0.05202418,1.2661763,1.0094819,0.18171895,22.49468,14.668047,-0.11863661,0.09051168
2025-06-10,1.5822415,1.2617494,-0.97703826,0.9872713,0.7881687,-0.17952101,1.0282122,0.8318356,-0.23982929,1.0676582,0.84418315,0.098720714,22.790588,14.682112,-0.039445996,-0.04094088
2025-06-11,1.4741858,1.0627897,-0.5473911,0.88872445,0.7103897,0.044883903,0.85523224,0.66975284,-0.023737356,0.9327641,0.72012955,0.2604548,25.886387,13.195096,-0.077531874,0.033492208
2025-06-12,1.7765764,1.2792615,-0.7814378,1.274501,1.0215124,-0.33284855,1.2709892,1.0414294,-0.39315456,1.174121,0.9356839,-0.20874111,26.860292,13.643165,0.09686816,0.0035117865
2025-06-13,1.7554914,1.4127849,-0.69054836,1.3773292,1.078755,-0.043216188,1.2706393,0.99784607,-0.06763582,1.371191,1.0817987,-0.08549236,23.51435,11.768551,-0.100551724,0.10668993
2025-06-14,1.616053,1.314358,0.030053195,1.6395537,1.3396684,0.71480674,1.608349,1.2940391,0.7181764,1.9308625,1.5634716,1.1535884,20.825304,13.435901,-0.32251358,0.0312047
2025-06-15,1.5746474,1.2425009,-0.433199,1.4302791,1.1438799,0.24547486,1.3666599,1.1138291,0.2727747,1.4745953,1.1992649,0.75635946,20.897072,13.5844,-0.10793543,0.063619256
2025-06-16,1.5681598,1.2065114,-0.68543386,1.1913228,0.93150514,-0.0393521,1.2711323,1.0069191,-0.01588998,1.1887171,0.95255166,0.38745937,21.958685,14.059961,0.08241522,-0.07980955
2025-06-17,1.3631922,0.9841589,-0.40734062,1.1204005,0.8929249,0.31115538,0.995179,0.7785969,0.2192211,1.1529999,0.93357545,0.596714,22.816996,16.613007,-0.15782088,0.12522155
2025-06-18,1.7170982,1.3342656,-0.8702837,1.2896503,1.0562761,-0.2184744,1.3740046,1.1428057,-0.31481898,1.370353,1.1108065,0.12675329,27.004555,19.454363,0.003651619,-0.08435428
2025-06-19,1.6108289,1.190306,-0.5593655,1.0460452,0.8362994,-0.17917278,1.1107748,0.88529354,-0.25329265,1.0789016,0.8205965,0.12998806,28.687674,19.434168,0.031873107,-0.06472957
2025-06-20,1.4707475,1.1139634,-0.52067566,1.0688164,0.789611,0.033251718,1.0543712,0.79743576,0.006773755,1.0835207,0.7957098,0.23372492,25.192924,14.776666,-0.029149413,0.014445186
2025-06-21,1.7580079,1.2784628,-0.99353826,1.0882993,0.8714006,-0.591497,1.1081989,0.8914363,-0.6465057,0.9137054,0.71513814,-0.3027887,28.855844,15.13716,0.19449347,-0.019899607
2025-06-22,1.8715688,1.3631815,-0.44181484,1.4731364,1.1864636,-0.3610144,1.4835532,1.209824,-0.38222644,1.3773321,1.1133593,0.00612331,30.247362,19.455177,0.10622108,-0.010416746
2025-06-23,2.0054893,1.4294374,-1.0113919,1.7848511,1.5300436,-1.4487965,1.5585291,1.329746,-1.249391,1.2900683,1.0614638,-0.9108734,33.654613,21.238504,0.26846087,0.22632194
2025-06-24,2.0089993,1.3535955,-0.28323853,1.567742,1.2739422,-1.0469173,1.4015709,1.108311,-0.8258098,1.1721027,0.91504806,-0.44898033,34.533447,21.01998,0.22946823,0.16617107
2025-06-25,1.8985573,1.3592454,-1.029859,1.5602313,1.2922915,-1.0449591,1.5656968,1.2898391,-1.0696253,1.2204366,0.9673341,-0.61499983,31.892715,19.515217,0.34526026,-0.0054655075
2025-06-26,2.1616793,1.6680528,0.008153681,2.4003234,1.862701,0.41027597,2.5032027,1.9887092,0.41303405,2.3904238,1.8225914,0.6934969,25.706924,15.744437,0.1127789,-0.102879286
2025-06-27,2.0718975,1.6040752,-0.24184161,1.979311,1.563581,0.3721,1.9751749,1.5318929,0.35696885,2.0158424,1.6004038,0.5769389,22.88928,14.403328,-0.040667534,0.0041360855
2025-06-28,1.8253177,1.533024,-0.59429806,1.762196,1.4180301,0.06797722,1.9942192,1.6110932,0.004639463,1.9013854,1.4793231,0.3292422,25.690374,17.112177,0.09283376,-0.23202324
2025-06-29,1.6364661,1.2725029,-0.81700265,1.1160644,0.887634,-0.4040414,1.2331159,0.9877185,-0.51693416,1.028179,0.8138221,-0.23097992,27.485487,17.654371,0.20493686,-0.11705148
2025-06-30,1.8197033,1.3697517,-0.8992986,1.170281,0.9719488,-0.7072622,1.1321563,0.91927123,-0.71528983,0.93844444,0.7445492,-0.3410811,30.35908,18.429117,0.19371182,0.0381248
2025-07-01,1.5763203,1.198664,-0.5421718,1.0643203,0.86549133,-0.24435897,1.0260149,0.8306658,-0.281587,1.0279315,0.8247116,0.1378449,29.039568,20.746933,-0.0019165277,0.0383054
2025-07-02,1.5466399,1.1376954,-0.7108888,1.0120646,0.80467695,-0.29844564,1.0640353,0.84177196,-0.34206796,0.93711585,0.71146286,0.063563816,28.489134,18.255598,0.12691945,-0.05197072
2025-07-03,1.5975664,1.180271,-0.48863697,1.065533,0.8394679,-0.055875756,1.0990491,0.8751954,-0.17776847,1.086152,0.8422542,0.1841848,28.115612,16.48611,0.012897134,-0.03351605
2025-07-04,1.4630705,1.1523254,-0.63188493,1.0100391,0.8029089,-0.08599235,0.9608696,0.77150327,-0.13015386,0.90539485,0.71753424,-0.06834283,25.54699,12.8204775,0.05547476,0.04916948
2025-07-05,1.6700574,1.2930355,-0.85456866,1.1657152,0.9332399,-0.45921952,1.2086068,0.93750334,-0.5397224,1.0632231,0.8395176,-0.30785075,28.569298,14.320867,0.14538372,-0.04289162
2025-07-06,1.6053009,1.1966137,-0.6950536,1.1761204,0.97112495,-0.7206599,1.1255696,0.92500615,-0.69786996,0.9106721,0.72689044,-0.32150224,30.827553,18.241173,0.21489745,0.05055082
2025-07-07,1.8365436,1.4407002,-0.85576653,1.5757947,1.2438939,-0.7502985,1.6326172,1.2919624,-0.7818513,1.4836915,1.0855688,-0.40383306,30.424074,20.50444,0.14892578,-0.05682254
2025-07-08,1.72377,1.3255074,-0.5873473,1.3034155,1.0230451,-0.18407393,1.3230664,1.0708131,-0.279522,1.2710766,1.0074649,-0.09633196,28.516794,19.980705,0.051989794,-0.019650817
2025-07-09,1.4080489,1.0564154,-0.58286047,1.1140494,0.8675006,-0.086799785,1.1278238,0.8849998,-0.16912958,1.0916483,0.8594479,0.015081883,27.979437,18.716305,0.03617549,-0.013774395
2025-07-10,1.4960477,1.2157425,-0.8474679,1.2368904,1.0050315,-0.26816046,1.3439347,1.0883938,-0.33479106,1.2614812,0.9696302,0.044001687,26.934961,18.610432,0.08245349,-0.10704422
2025-07-11,1.500268,1.1956605,-0.9667853,1.2211974,0.9969454,-0.6878239,1.2425019,1.035348,-0.7129401,0.9787123,0.78579533,-0.3498732,29.314243,19.245998,0.26378953,-0.021304488
2025-07-12,1.5498673,1.2336229,-0.6352224,1.2728324,1.0307398,-0.4924126,1.3290645,1.0879062,-0.46765545,1.1391872,0.8669785,-0.123573154,29.689436,20.181599,0.18987727,-0.056232095
2025-07-13,1.5925657,1.2652239,-0.7760325,1.057232,0.85123855,-0.414765,1.0912535,0.8830039,-0.4842022,0.90885955,0.7118606,-0.022185605,28.970343,20.378584,0.18239397,-0.034021497
2025-07-14,1.734348,1.4397292,-0.99691916,1.3014234,1.0893375,-0.5163437,1.3283968,1.1041825,-0.58101135,1.2134255,0.97280085,-0.21482684,28.400843,20.856588,0.11497128,-0.026973367
2025-07-15,1.6878368,1.2621094,-0.7566227,1.1687518,0.9479304,-0.7116376,1.1178693,0.9050491,-0.6493382,0.9161798,0.7179539,-0.2837287,30.62644,19.855488,0.20168948,0.050882578
2025-07-16,1.6428564,1.1898787,-0.5820841,1.1810461,0.9746489,-0.756517,1.0802847,0.8852682,-0.65877354,0.90376437,0.7212123,-0.3689671,31.524374,20.636957,0.17652035,0.10076141
2025-07-17,1.4043736,1.0536901,-0.2770553,1.16574,0.8939986,-0.24694781,1.0767927,0.82938373,-0.20056584,1.0527059,0.8018152,0.10505129,30.364813,21.324362,0.024086833,0.088947296
2025-07-18,1.3197713,0.988088,-0.5479905,0.92810327,0.7354663,-0.0055878456,0.96681845,0.76140726,-0.031856447,0.93135536,0.7452329,0.114286035,26.043753,14.973148,0.035463095,-0.038715184
2025-07-19,1.8156031,1.484771,-0.9590217,1.3135478,1.0556402,-0.4208901,1.3091006,1.0531961,-0.46876025,1.2107117,0.9484872,-0.1772478,27.758127,15.846224,0.09838891,0.0044472218
2025-07-20,1.3921986,1.0721008,-0.47680178,1.1524168,0.92095333,-0.0567338,1.1726875,0.9407155,-0.16370139,1.136538,0.8927368,0.030967427,27.555065,19.296873,0.0361495,-0.020270705
2025-07-21,1.3335108,1.0615366,-0.69273627,0.84301984,0.6722081,-0.18152443,0.8944301,0.7104895,-0.21197535,0.91049457,0.7341875,-0.2617413,24.840208,13.866737,-0.016064465,-0.051410258
2025-07-22,1.6806606,1.3431222,-1.0748609,1.0845823,0.84416866,-0.51651174,1.0278158,0.8157904,-0.54355925,1.063152,0.83582556,-0.5274471,25.750055,11.700073,-0.035336137,0.05676651
2025-07-23,1.5779915,1.2396924,-0.8709098,0.97844094,0.793328,-0.4078661,0.959142,0.76761514,-0.49466816,0.8537586,0.68000317,-0.24587378,28.131374,14.33159,0.105383456,0.019298911
2025-07-24,1.4517516,1.0516363,-0.5175538,1.0663171,0.8624285,-0.6161836,0.9792833,0.7743956,-0.5210583,0.79520285,0.620734,-0.18070768,30.851646,18.094807,0.18408042,0.08703381
2025-07-25,1.7008349,1.2590383,-0.7153031,1.351738,1.1096431,-0.53866935,1.4066966,1.1584784,-0.5714752,1.1861591,0.96307665,-0.113608904,30.54758,20.57634,0.22053742,-0.054958582
2025-07-26,1.6757877,1.3303007,-1.076323,1.1393611,0.92766035,-0.6472972,1.2676142,1.0083889,-0.71484035,1.032779,0.8410785,-0.4008951,29.135582,17.409824,0.23483527,-0.1282531
2025-07-27,1.5070988,1.1890056,-0.55040854,1.2573241,1.015574,-0.16347884,1.3541503,1.124849,-0.19531216,1.2605822,1.0180162,0.015246712,28.356653,19.964355,0.09356809,-0.096826196
2025-07-28,1.6921428,1.3073953,-0.88810223,1.4468703,1.1981474,-0.9838085,1.335343,1.1099813,-0.92658526,1.1006436,0.8901254,-0.5930236,31.684092,19.857449,0.23469937,0.11152732
2025-07-29,1.8254601,1.3871899,-0.9363909,1.6136352,1.3517255,-1.1707408,1.5737008,1.3160079,-1.1502641,1.3005071,1.0617582,-0.8119241,32.52368,19.79836,0.27319372,0.039934397
2025-07-30,1.7975562,1.4207728,-1.1463526,1.632581,1.3717855,-1.1694093,1.6144187,1.3562037,-1.179762,1.332546,1.0998873,-0.8295339,31.64245,19.302414,0.28187275,0.01816225
2025-07-31,2.5061297,1.9867178,0.80154353,2.760831,2.1392357,1.341782,2.7773995,2.2090445,1.3164313,2.8761146,2.253544,1.6545973,24.166267,17.217857,-0.09871507,-0.016568422
2025-08-01,1.497152,1.1573136,-0.18976563,1.5489,1.1225837,0.33298594,1.4853181,1.076514,0.37901706,1.510641,1.1194236,0.55857533,22.789639,12.731158,-0.025322914,0.06358194
2025-08-02,1.2700543,0.9564741,-0.39432576,0.9338797,0.72935104,0.2553914,0.8389202,0.64876324,0.17751831,0.8944034,0.7115632,0.14850946,24.746628,10.829869,-0.055483222,0.0949595
2025-08-03,1.3968576,1.0733027,-0.6455114,0.9094753,0.7293397,-0.045833204,0.88071775,0.71521133,-0.16284639,0.9043373,0.7251295,0.01064902,26.542318,12.323468,-0.023619533,0.028757572
2025-08-04,1.4495488,1.0936737,-0.6251973,0.94712836,0.76799524,-0.13739161,0.98092765,0.79650563,-0.24945264,0.94773936,0.7581317,-0.04754083,27.561188,13.935827,0.033188283,-0.03379929
2025-08-05,1.3375117,1.0051513,-0.3609489,1.0453056,0.8163754,0.17346638,1.0369717,0.8266997,0.07399473,1.1153493,0.8697088,0.41256672,26.81794,14.5492735,-0.078377604,0.008333921
2025-08-06,1.3599008,1.0251495,-0.5012407,0.9832977,0.7725275,0.13524465,0.9981904,0.788586,0.06380673,1.0275258,0.8168774,0.27405402,25.429634,15.237882,-0.02933538,-0.014892697
2025-08-07,1.343486,0.988532,-0.62166125,0.8636514,0.6845173,-0.048546903,0.8667138,0.6794432,-0.14371058,0.8273047,0.6437175,0.119579375,26.85245,14.903732,0.0394091,-0.003062427
2025-08-08,1.4805032,1.107697,-0.5357178,1.1061118,0.87367266,-0.04542595,1.0615757,0.8333976,-0.13712808,1.0521766,0.81838727,0.15156645,27.489695,14.170644,0.009399056,0.044536114
2025-08-09,1.4440926,1.0936224,-0.51782054,1.0837204,0.8792231,-0.18578607,1.0193012,0.826432,-0.2526441,0.9964975,0.78487533,0.065403,28.605846,13.921936,0.022803664,0.06441927
2025-08-10,1.5428429,1.1462525,-0.24620837,1.211384,0.98657197,-0.29720974,1.0916481,0.8810582,-0.25912893,1.1095283,0.8752975,0.06819832,30.39978,14.6206665,-0.017880201,0.119735956
2025-08-11,1.5830791,1.1536723,-0.5645728,1.2977531,1.0636624,-0.7526226,1.2296311,0.9797885,-0.68562,1.079679,0.8577731,-0.3373696,31.37431,16.266615,0.14995205,0.06812203
2025-08-12,1.7398517,1.2620299,-0.6421422,1.532365,1.2665288,-1.0137289,1.373925,1.1059171,-0.8503328,1.2083191,0.96855414,-0.50728655,32.38521,17.874146,0.1656059,0.15844
2025-08-13,1.9082222,1.5176111,-0.7561369,1.7914078,1.4660262,-0.6682387,1.7041653,1.3841857,-0.6422041,1.5673019,1.2706013,-0.26297048,30.315243,19.941872,0.13686347,0.087242484
2025-08-14,1.5233624,1.1514677,-0.7230964,1.1257935,0.90155387,-0.47748357,1.1313975,0.9151922,-0.5843755,0.97658753,0.774165,-0.30827576,29.546833,19.000704,0.15480995,-0.0056040287
2025-08-15,1.4151042,1.0356812,-0.53572124,1.0201937,0.8120216,-0.29743433,0.9967229,0.80417585,-0.31156197,0.9396698,0.74786955,0.09677939,29.519962,15.098081,0.05705309,0.023470819
2025-08-16,1.4631962,1.0963264,-0.5929736,1.0648906,0.8530919,-0.5061272,1.0100735,0.8161446,-0.4865893,0.83898264,0.6688829,-0.109493114,30.131453,16.358877,0.1710909,0.05481708
2025-08-17,1.6918344,1.3252876,-0.2987895,1.3668607,1.0319853,-0.082386576,1.3743577,1.0079261,-0.16375624,1.307366,0.9375393,0.119442895,29.288366,18.005625,0.06699169,-0.007496953
2025-08-18,1.5427816,1.1953149,-0.04704869,1.7467229,1.3190324,0.55439484,1.684423,1.2768049,0.4944232,1.7356379,1.3185414,0.4951412,22.98738,11.524159,-0.051214933,0.062299967
2025-08-19,1.5051136,1.1194834,-0.26535717,1.3609595,0.9990101,0.4084944,1.3123157,0.976885,0.3447693,1.4365994,1.0575529,0.5635071,23.305862,12.094088,-0.12428367,0.048643827
2025-08-20,2.0073915,1.6112676,0.1493438,1.9385688,1.5476195,0.7873876,1.9629215,1.5662165,0.78309256,2.008611,1.6145293,0.9455209,20.982029,14.572156,-0.045689464,-0.02435267
2025-08-21,1.3127527,1.028052,-0.10584504,1.3055745,1.0032008,0.48578775,1.3593504,1.0558795,0.5275562,1.6376678,1.2684695,0.94339174,22.866848,13.44755,-0.27831733,-0.053775907
2025-08-22,1.410372,1.0775347,-0.56035155,0.7709847,0.60901356,0.017482389,0.77791035,0.6147214,-0.12227328,0.7905474,0.61980164,0.17363247,26.971718,12.297782,-0.012637019,-0.0069256425
2025-08-23,1.3839871,1.06076,-0.48598117,0.84062093,0.6616325,-0.0039792242,0.83241147,0.6534723,-0.1278719,0.820695,0.65376115,0.18786618,27.585068,13.893332,0.011716485,0.008209467
2025-08-24,1.6710311,1.317902,-0.08682783,1.480974,1.1445155,0.54245734,1.4790535,1.1328716,0.42222333,1.5912641,1.2026885,0.7573326,25.614914,16.239073,-0.11221063,0.0019204617
2025-08-25,1.3255377,1.038763,-0.46666923,0.9048173,0.68814355,0.1287349,0.90478283,0.69699645,0.09000735,1.0367138,0.7818482,0.30340886,24.669298,14.542465,-0.131931,3.4451485e-05
2025-08-26,1.2887889,1.0134009,-0.6081457,0.91250235,0.7326749,-0.1818572,0.849481,0.6752513,-0.10736475,0.8355594,0.67257184,-0.23930137,22.527382,10.624544,0.013921559,0.06302136
2025-08-27,1.2735585,1.0005518,-0.51078737,0.9927832,0.8041543,-0.071242295,0.8838639,0.7004487,0.033866458,0.9679436,0.7711947,-0.23076451,21.431393,9.224759,-0.08407968,0.10891926
2025-08-28,1.2966336,1.0206378,-0.584108,0.72924334,0.5705923,-0.057480253,0.69718933,0.5433753,-0.064511105,0.72494036,0.5707987,-0.03266775,23.635216,8.854384,-0.027751029,0.032054007
2025-08-29,1.0682527,0.8340879,-0.14438306,0.8655134,0.6944819,0.35570464,0.846429,0.67067456,0.42263827,0.7354215,0.58734834,0.2718234,20.984941,11.208225,0.11100751,0.019084394
2025-08-30,1.227622,0.96839523,-0.36770576,1.076783,0.859792,0.1566052,0.94637495,0.7507109,0.18405995,1.0546712,0.83869785,-0.1877239,20.882973,8.425012,-0.108296216,0.13040799
2025-08-31,1.3522402,1.0604935,-0.6694393,0.92002743,0.7330943,-0.08833602,0.8583942,0.6824511,-0.1435167,0.9179164,0.7442821,-0.0798273,23.737785,9.115921,-0.05952221,0.06163323
